Time,GT_skinny,GT_skinny_pv,GT_skinny_ev,GT_skinny_pv_ev
300,462.497,477.242,474.894,482.217
600,403.774,445.439,422.959,438.139
900,361.85,382.684,367.753,373.611
1200,325.762,319.439,324.004,316.451
1500,322.128,314.27,312.088,305.742
1800,305.976,310.127,304.58,305.79
2100,303.386,306.663,296.092,304.081
2400,309.777,317.989,307.676,309.937
2700,314.108,312.191,324.545,310.628
3000,313.494,312.494,324.159,311.81
3300,310.317,315.829,324.702,315.476
3600,312.93,312.723,314.112,316.853
3900,316.643,303.848,310.057,326.265
4200,316.119,307.112,306.873,325.96
4500,315.441,316.131,319.481,317.609
4800,276.071,277.212,291.504,267.893
5100,276.298,280.868,296.349,272.58
5400,287.065,275.393,283.889,270.741
5700,283.392,265.876,275.061,273.549
6000,271.378,264.355,265.377,267.611
6300,278.084,283.157,272.004,282.035
6600,279.398,288.536,271.041,271.977
6900,267.866,283.246,266.991,269.416
7200,263.146,272.654,254.832,268.126
7500,262.981,274.062,262.944,270.473
7800,261.649,264.069,262.682,272.046
8100,260.726,261.104,265.328,269.689
8400,248.165,245.384,248.815,255.897
8700,253.67,242.516,251.58,251.896
9000,254.947,249.084,258.729,258.677
9300,252.762,255.945,251.54,255.859
9600,256.082,257.149,251.309,247.051
9900,239.738,235.702,237.144,230.474
10200,242.058,241.395,250.04,241.284
10500,245.486,243.707,251.301,242.446
10800,265.075,263.436,268.905,257.962
11100,266.671,258.363,266.071,253.596
11400,255.91,251.026,252.649,247.442
11700,257.949,252.6,248.598,253.481
12000,231.374,226.617,224.74,227.299
12300,215.497,218.438,216.748,214.454
12600,233.363,233.579,228.737,231.624
12900,239.31,236.372,237.254,238.506
13200,237.366,230.092,236.038,236.199
13500,237.364,239.5,236.504,236.511
13800,252.568,257.469,252.624,252.616
14100,251.666,248.889,251.258,251.346
14400,249.319,243.698,248.591,243.434
14700,240.934,235.782,237.57,243.232
15000,238.201,237.539,237.961,245.703
15300,236.267,233.17,234.74,237.745
15600,232.337,226.017,229.499,230.678
15900,227.457,221.999,224.29,221.085
16200,232.498,233.863,231.081,229.935
16500,239.804,243.346,240.112,237.292
16800,240.782,241.268,242.398,241.852
17100,248.962,248.749,249.947,248.958
17400,241.696,244.547,241.406,244.607
17700,242.711,235.81,238.311,232.443
18000,231.912,231.245,230.176,232.31
18300,238.011,236.497,238.518,238.995
18600,247.736,248.971,250.516,248.132
18900,241.299,245.029,244.383,242.151
19200,239.524,237.407,234.412,240.643
19500,240.28,242.003,238.658,235.622
19800,241.492,242.05,239.435,241.293
20100,240.507,241.831,240.085,242.096
20400,241.978,236.791,240.818,236.033
20700,234.843,228.255,232.38,228.546
21000,236.027,222.789,233.532,226.866
21300,238.621,226.751,237.98,222.079
21600,241.859,226.148,242.686,227.267
21900,245.062,225.265,248.323,228.574
22200,240.719,204.113,233.06,203.056
22500,219.412,171.548,212.498,171.496
22800,217.604,164.797,217.604,164.499
23100,218.796,155.565,219.552,154.462
23400,218.16,137.28,213.714,140.081
23700,229.415,141.961,227.312,143.098
24000,234.267,137.368,237.976,140.498
24300,231.345,127.928,231.346,125.049
24600,229.457,118.227,228.682,116.691
24900,228.689,109.02,228.057,106.999
25200,224.207,97.7434,226.976,95.2575
25500,229.097,89.1946,228.001,88.931
25800,238.366,94.2298,240.787,95.4221
26100,223.635,76.7824,225.283,77.006
26400,226.778,72.0123,225.248,70.8223
26700,225.119,65.4985,225.546,63.9362
27000,263.999,95.8109,262.823,95.9578
27300,236.329,62.9319,237.39,61.6066
27600,240.461,60.8552,241.638,59.9217
27900,257.386,72.7746,258.824,77.2796
28200,254.955,74.1454,255.953,72.713
28500,268.332,77.6952,267.997,78.8815
28800,251.058,59.1201,250.176,59.9753
29100,251.494,57.0218,252.922,56.4131
29400,284.603,107.704,284.934,105.826
29700,261.22,105.31,262.123,105.309
30000,276.46,141.07,281.665,144.095
30300,290.728,169.066,303.456,184.573
30600,282.899,182.266,294.215,194.512
30900,270.374,192.71,284.8,199.279
31200,295.222,187.29,305.322,201.697
31500,275.083,135.031,277.642,148.027
31800,306.176,151.009,318.152,161.855
32100,263.788,81.6989,273.046,90.5762
32400,323.85,114.808,318.998,114.174
32700,311.616,86.0495,313.531,82.9998
33000,303.621,71.1145,304.884,73.0889
33300,299.551,63.2935,296.366,65.882
33600,346.053,114.791,348.581,117.993
33900,376.901,137.951,374.445,137.346
34200,340.523,104.979,345.274,109.819
34500,362.141,124.796,364.93,121.966
34800,403.205,184.127,400.597,183.611
35100,382.687,180.024,385.368,183.164
35400,374.865,192.863,372.741,191.355
35700,407.789,246.817,406.514,247.154
36000,379.137,238.968,379.204,242.126
36300,408.78,287.907,417.738,293.349
36600,449.948,324.497,461.356,334.444
36900,375.253,252.797,389.793,267.525
37200,480.612,351.638,488.734,360.222
37500,499.993,367.936,511.061,381.742
37800,452.176,327.366,465.905,335.827
38100,493.945,363.119,505.239,372.282
38400,512.749,355.433,523.676,369.305
38700,465.173,294.495,472.372,302.627
39000,513.367,316.295,525.731,325.412
39300,487.358,269.272,499.794,283.311
39600,491.685,258.177,506.436,264.766
39900,489.316,226.346,501.578,240.276
40200,448.576,196.486,462.084,206.71
40500,511.2,252.049,521.194,259.299
40800,515.964,248.9,522.061,265.593
41100,548.439,299.869,566.785,303.938
41400,545.795,278.096,557.429,294.165
41700,546.448,281.23,549.832,290.44
42000,578.652,333.697,593.504,341.009
42300,608.203,347.127,604.765,348.789
42600,599.618,362.569,602.377,361.375
42900,601.773,367.351,600.497,370.36
43200,636.488,402.978,633.733,399.005
43500,630.598,404.801,632.389,414.758
43800,613.299,390.679,621.382,401.463
44100,628.188,410.619,643.835,420.905
44400,669.029,449.381,687.027,463.177
44700,639.085,418.115,653.848,430.141
45000,654.923,435.719,671.603,461.658
45300,646.507,434.914,666.538,447.263
45600,684.01,472.906,710.718,492.197
45900,621.024,413.043,652.47,447.658
46200,710.83,493.606,741.035,526.483
46500,654.49,449.402,691.341,482.12
46800,704.557,500.607,738.544,534.261
47100,681.043,469.139,708.497,507.581
47400,678.321,470.43,720.086,505.215
47700,645.106,424.268,670.287,451.942
48000,687.698,448.269,725.912,495.083
48300,611.66,376.658,653.93,416.099
48600,651.976,396.112,690.14,434.184
48900,627.53,373.72,681.961,428.018
49200,639.845,385.767,680.569,411.438
49500,632.828,370.066,661.84,411.857
49800,622.997,373.227,665.649,398.256
50100,667.043,425.553,684.896,437.077
50400,688.175,414.668,699.315,445.605
50700,641.042,382.169,655.343,392.166
51000,642.207,392.001,659.752,409.716
51300,666.978,407.567,676.266,413.069
51600,649.813,383.542,665.167,414.381
51900,594.492,346.427,605.004,356.35
52200,602.078,347.66,616.005,354.948
52500,626.544,380.501,627.121,396.196
52800,635.451,389.938,637.118,383.277
53100,619.469,365.934,629.878,372.839
53400,603.384,357.404,614.173,369.65
53700,641.686,401.361,640.982,396.305
54000,631.676,379.133,644.066,398.02
54300,610.711,351.76,644.745,382.749
54600,591.541,353.971,610.2,387.052
54900,627.083,398.106,667.953,430.302
55200,629.608,387.041,656.91,411.392
55500,651.9,413.663,678.55,456.036
55800,616.639,378.886,668.542,417.181
56100,605.706,374.416,639.582,402.08
56400,612.539,375.722,660.915,437.62
56700,636.852,389.885,674.051,418.952
57000,589.172,362.744,646.858,419.327
57300,622.004,406.863,690.628,473.918
57600,623.533,388.718,690.455,448.223
57900,646.943,424.917,725.315,506.491
58200,613.745,384.282,699.077,473.641
58500,599.642,390.627,688.8,469.156
58800,583.578,371.135,669.324,466.461
59100,614.387,389.449,704.038,474.584
59400,552.653,329.334,661.473,439.527
59700,561.324,386.673,684.181,501.653
60000,604.016,385.518,730.799,505.529
60300,594.415,375.353,726.716,509.924
60600,564.011,366.993,678.042,491.234
60900,623.685,443.504,756.143,565.017
61200,591.293,391.751,726.504,522.091
61500,573.336,359.113,713.888,514.067
61800,559.807,398.051,723.2,549.865
62100,572.574,397.131,723.472,540.625
62400,579.532,387.95,727.805,547.397
62700,531.621,370.05,701.56,529.898
63000,589.072,416.225,757.477,576.621
63300,538.488,364.299,700.121,537.858
63600,563.39,410.601,720.62,554.871
63900,560.574,389.654,702.073,535.095
64200,510.312,356.662,644.909,506.809
64500,515.094,385.837,655.802,508.705
64800,500.479,360.661,604.077,475.61
65100,541.87,416.5,656.873,526.702
65400,494.588,360.805,594.457,472.195
65700,515.103,427.552,616.911,516.68
66000,486.722,368.807,590.01,464.346
66300,525.46,427.286,637.804,546.648
66600,483.604,399.907,596.357,506.568
66900,453.09,391.073,556.161,502.951
67200,494.932,409.16,634.689,528.718
67500,450.331,388.025,558.846,495.181
67800,449.483,389.269,553.526,515.702
68100,442.272,412.126,569.093,539.438
68400,420.855,377.843,520.749,486.31
68700,407.033,411.679,529.111,508.009
69000,407.903,407.8,513.395,513.043
69300,418.926,417.157,509.236,511.924
69600,436.211,425.963,519.624,511.255
69900,406.519,407.495,486.218,486.249
70200,412.15,410.761,500.358,502.354
70500,439.982,411.408,533.715,519.953
70800,448.063,464.128,518.256,553.833
71100,427.576,448.016,522.656,525.061
71400,435.171,440.584,534.96,516.019
71700,425.249,440.348,519.2,524.938
72000,430.84,425.071,508.788,504.895
72300,457.373,438.79,494.506,492.678
72600,414.783,416.167,473.426,479.995
72900,449.439,435.938,513.397,485.213
73200,425.572,444.559,485.338,492.519
73500,412.219,410.168,466.435,464.681
73800,449.835,441.885,496.274,502.491
74100,423.023,438.22,478.037,490.439
74400,407.102,404.442,479.057,474.245
74700,405.241,391.667,469.612,449.737
75000,455.143,449.227,510.038,521.279
75300,415.529,426.939,479.844,496.247
75600,393.062,390.75,457.599,461.346
75900,430.037,438.55,514.815,505.478
76200,438.85,438.235,515.896,511.858
76500,390.555,392.268,452.812,470.97
76800,405.134,397.315,488.136,464.711
77100,418.71,405.713,489.978,478.672
77400,400.974,402.797,474.511,475.127
77700,366.062,362.877,435.522,435.495
78000,386.948,371.778,425.733,431.094
78300,386.566,378.394,418.117,419.066
78600,390.098,414.542,436.622,458.739
78900,406.004,414.583,470.711,447.447
79200,379.979,375.036,422.299,422.335
79500,376.132,379.964,416.964,418.788
79800,423.639,412.321,468.455,447.722
80100,409.194,406.99,432.913,446.326
80400,384.282,377.042,424.276,419.068
80700,383.849,424.739,403.088,436.339
81000,354.823,352.704,406.247,392.146
81300,376.102,362.36,420.821,400.125
81600,350.479,360.76,377.788,381.552
81900,357.841,363.055,382.402,387.654
82200,385.054,386.549,406.593,410.44
82500,408.075,384.763,420.67,408.452
82800,391.897,396.627,407.943,410.415
83100,379.734,381.811,402.288,405.392
83400,383.596,375.884,388.177,402.267
83700,398.853,383.325,421.777,400.682
84000,367.275,373.999,402.848,393.343
84300,388.935,373.381,391.173,386.754
84600,377.707,374.891,387.134,402.583
84900,367.104,382.39,381.007,395.537
85200,349.824,361.428,371.29,373.331
85500,365.303,373.438,385.966,373.137
85800,373.674,373.995,384.37,382.712
86100,357.003,350.233,386.786,379.717
86400,375.504,382.225,393.192,410.957
86700,392.62,385.95,401.524,402.792
87000,376.298,364.795,394.817,384.767
87300,351.333,363.661,389.024,380.686
87600,340.083,340.913,371.867,370.782
87900,327.996,330.243,357.434,355.943
88200,308.736,324.181,335.499,348.623
88500,315.969,321.849,343.824,345.264
88800,328.546,320.71,353.23,362.179
89100,346.058,344.169,379.53,360.682
89400,331.871,331.672,350.748,369.823
89700,336.302,337.496,372.649,368.054
90000,333.942,324.748,359.703,361.542
90300,354.67,338.951,395.997,375.494
90600,340.637,331.346,374.309,354.275
90900,350.175,329.946,364.375,349.599
91200,271.142,299.203,289.425,319.055
91500,272.114,285.641,288.82,302.995
91800,276.826,268.135,294.125,286.384
92100,275.597,262.297,290.689,295.261
92400,274.436,273.638,282.109,295.724
92700,272.31,281.788,285.099,294.363
93000,275.931,277.429,296.941,295.401
93300,268.055,273.478,280.45,288.113
93600,262.874,269.197,277.64,281.026
93900,271.627,278.594,285.996,290.261
94200,268.384,266.128,289.252,283.581
94500,270.766,275.717,282.272,284.775
94800,245.093,251.511,257.674,262.653
95100,242.31,245.548,256.162,254.969
95400,249.523,252.302,263.743,262.677
95700,250.89,249.162,263.746,259.928
96000,246.054,246.402,250.89,250.902
96300,230.258,230.973,236.956,237.214
96600,254.689,243.151,261.707,255.553
96900,267.323,260.391,270.329,265.394
97200,265.137,256.473,273.631,267.567
97500,252.74,258.384,261.759,259.973
97800,251.761,258.024,253.063,258.864
98100,259.1,257.959,253.6,268.198
98400,223.056,227.036,233.597,231.126
98700,218.458,219.57,227.357,223.955
99000,250.736,247.397,254.616,253.445
99300,240.564,235.541,243.174,239.35
99600,257.047,241.426,250.855,246.597
99900,244.344,258.187,243.695,259.61
100200,250.999,254.7,263.547,255.437
100500,247.606,250.353,256.386,251.217
100800,242.585,242.021,244.557,250.403
101100,240.72,236.31,244.18,243.978
101400,246.635,245.528,251.67,248.324
101700,237.988,236.325,238.836,241.435
102000,227.823,225.306,230.678,231.16
102300,223.416,223.435,227.348,230.612
102600,227.965,226.533,235.455,228.14
102900,237.756,237.271,238.826,239.163
103200,238.693,240.088,246.785,246.09
103500,257.814,262.02,265.32,266.98
103800,238.685,242.827,246.632,241.986
104100,236.297,233.981,248.664,233.213
104400,234.571,234.115,234.453,230.366
104700,259.821,235.936,257.64,244.014
105000,256.296,272.065,253.728,278.305
105300,253.882,256.129,257.721,257.366
105600,253.099,245.684,248.665,249.759
105900,277.89,253.888,274.299,255.497
106200,246.774,258.87,246.264,254.116
106500,245.08,244.283,242.832,239.729
106800,250.842,248.558,250.53,257.432
107100,255.698,253.965,263.341,262.064
107400,256.886,246.409,280.644,245.737
107700,261.792,253.818,263.981,255.941
108000,270.192,259.394,267.343,258.467
108300,293.572,253.422,288.671,271.847
108600,301.488,285.02,303.318,280.183
108900,298.447,246.917,292.588,259.784
109200,312.083,247.459,311.379,256.717
109500,296.844,228.185,301.753,236.539
109800,310.61,236.173,318.649,236.159
110100,309.892,220.873,326.828,226.908
110400,331.562,239.583,321.875,230.981
110700,325.947,222.569,335.618,225.769
111000,348.401,252.903,356.083,257.984
111300,380.177,257.549,372.483,246.466
111600,367.863,247.759,363.731,239.069
111900,388.693,259.96,405.113,272.166
112200,390.295,249.311,408.032,252.702
112500,364.448,201.952,359.103,206.187
112800,412.491,271.31,406.869,265.335
113100,392.675,217.507,380.673,234.619
113400,425.233,254.722,427.268,261.48
113700,394.952,227.833,392.984,217.197
114000,385.449,220.618,384.632,197.693
114300,424.134,240.108,437.628,263.945
114600,355.496,165.221,349.501,163.155
114900,436.218,276.501,438.583,260.964
115200,436.848,252.728,444.469,257.75
115500,482.764,267.561,467.157,281.926
115800,437.107,228.727,433.461,212.992
116100,458.659,276.235,476.246,269.27
116400,443.757,229.897,438.468,231.7
116700,458.138,246.445,461.16,275.994
117000,444.752,238.926,468.129,246.81
117300,455.254,264.5,474.61,269.635
117600,425.31,206.725,430.787,225.956
117900,489.652,247.697,486.283,253.571
118200,471.508,255.901,482.502,268.529
118500,455.782,241.73,485.043,257.191
118800,468.72,248.529,483.244,251.955
119100,514.338,285.554,516.244,297.427
119400,478.684,230.654,488.716,248.024
119700,447.208,215.15,448.345,217.356
120000,487.171,246.303,489.168,272.92
120300,527.327,289.482,547.357,317.328
120600,510.156,274.352,516.807,260.898
120900,482.72,245.915,502.048,241.768
121200,507.988,283.439,507.22,292.778
121500,523.402,266.519,511.313,251.858
121800,512.4,278.408,520.102,282.509
122100,503.264,274.024,481.19,272.927
122400,546.984,269.664,539.936,270.403
122700,552.519,309.989,576.263,321.921
123000,506.626,250.72,512.311,252.553
123300,505.13,259.121,531.051,280.227
123600,574.251,339.687,586.732,352.484
123900,582.181,318.201,585.284,328.324
124200,556.534,326.377,564.247,328.099
124500,625.666,371.855,639.108,387.077
124800,638.823,354.077,666.539,367.326
125100,538.02,282.573,547.183,292.412
125400,598.411,340.674,588.081,354
125700,580.936,319.021,600.891,317.54
126000,552.802,316.997,562.935,336.863
126300,572.351,312.034,582.713,335.577
126600,593.607,317.263,612.866,328.822
126900,546.32,322.325,569.865,318.878
127200,654.447,376.038,658.951,377.598
127500,626.617,356.75,619.708,376.728
127800,657.775,406.704,698.747,427.21
128100,664.739,390.732,664.052,396.123
128400,637.343,360.992,624.252,376.422
128700,646.546,393.619,660.768,383.864
129000,613.585,365.774,619.579,375.568
129300,649.441,379.14,641.122,380.199
129600,657.542,400.274,673.095,394.216
129900,637.741,363.425,647.165,369.159
130200,652.663,380.694,650.97,389.094
130500,662.938,403.964,675.205,422.576
130800,640.037,362.863,669.359,378.777
131100,614.304,359.031,618.838,372.825
131400,644.184,367.46,654.979,393.869
131700,630.373,361.17,650.313,361.955
132000,625.628,360.121,649.806,399.625
132300,630.698,395.991,656.56,406.278
132600,655.729,401.853,697.795,437.063
132900,690.714,431.119,733.326,466.554
133200,606.845,327.269,636.897,369.633
133500,634.852,370.189,658.532,398.59
133800,680.392,376.576,723.668,422.738
134100,597.938,370.283,627.588,389.958
134400,671.16,413.96,699.407,474.087
134700,667.908,394.581,725.219,402.712
135000,639.782,390.925,680.297,434.098
135300,648.608,390.394,690.142,453.158
135600,686.729,428.478,723.096,452.559
135900,658.789,409.243,707.786,454.428
136200,685.179,401.772,720.322,439.697
136500,719.021,465.373,716.351,463.764
136800,669.084,439.605,696.029,463.622
137100,657.742,345.777,666.484,373.196
137400,680.101,419.37,667.046,425.056
137700,624.139,390.579,670.629,419.3
138000,691.348,458.307,689.859,452.016
138300,650.827,374.2,655.976,400.029
138600,632.688,403.43,662.867,422.529
138900,676.127,403.018,665.089,404.325
139200,647.017,378.84,667.828,390.763
139500,648.99,385.821,629.273,381.694
139800,648.825,411.888,656.45,398.638
140100,655.407,401.973,676.796,436.399
140400,638.522,413.567,648.704,395.159
140700,649.892,411.76,664.339,465.939
141000,666.13,429.005,717.464,450.84
141300,708.971,441.397,735.552,469.483
141600,631.197,397.177,649.198,441.149
141900,656.153,400.143,683.357,435.099
142200,647.998,401.087,694.296,445.344
142500,624.111,391.299,662.743,426.574
142800,648.184,427.504,696.763,461.356
143100,685.059,456.458,724.698,501.951
143400,596.099,381.242,660.275,437.528
143700,666.712,464.911,747.751,542.811
144000,684.107,431.856,717.153,473.565
144300,617.111,372.965,702.203,447.916
144600,650.719,451.341,768.099,559.981
144900,651.556,431.559,706.066,497.585
145200,609.004,379.091,689.104,478.324
145500,604.341,405.344,704.623,488.619
145800,648.256,433.558,754.877,549.758
146100,643.669,422.072,771.234,532.363
146400,577.233,402.582,724.881,536.857
146700,623.501,444.295,734.83,560.99
147000,644.946,440.725,767.919,578.969
147300,631.942,412.526,752.124,525.004
147600,587.901,376.701,701.442,503.808
147900,594.834,418.073,762.008,598.345
148200,607.788,392.778,753.933,523.617
148500,580.867,435.504,727.053,579.019
148800,558.336,399.32,717.967,578.314
149100,566.868,407.087,736.904,561.324
149400,538.865,379.165,696.03,545.55
149700,589.632,424.938,764.19,593.259
150000,568.742,436.004,714.277,558.177
150300,530.815,398.52,713.408,564.474
150600,560.531,385.926,669.582,530.107
150900,575.904,457.127,696.536,568.143
151200,534.229,390.587,647.297,489.285
151500,526.11,398.867,653.437,521.245
151800,487.099,387.83,588.416,505.543
152100,518.39,428.99,591.965,524.945
152400,473.487,371.965,598.664,466.397
152700,487.736,382.074,608.119,502.675
153000,470.79,403.041,578.216,520.55
153300,471.233,423.423,566.36,517.918
153600,466.626,396.418,599.611,560.833
153900,443.138,403.052,585.178,481.295
154200,454.391,413.502,554.292,526.742
154500,448.347,413.402,558.664,515.068
154800,416.23,392.781,524.187,521.648
155100,440.464,412.681,521,521.038
155400,382.921,383.056,480.52,481.748
155700,396.968,388.939,509.649,489.562
156000,429.408,425.509,513.435,509.309
156300,389.126,428.506,461.771,496.567
156600,426.011,442.631,532.403,511.927
156900,424.102,429.841,521.251,539.959
157200,408.937,395.675,496.565,504.993
157500,421.166,439.146,515.206,524.231
157800,377.056,401.861,484.392,483.058
158100,415.76,412.38,495.927,508.969
158400,417.047,386.211,462.613,455.335
158700,386.983,371.556,449.607,425.859
159000,368.219,385.929,427.208,417.469
159300,387.411,369.213,439.988,430.42
159600,369.888,373.75,420.697,441.002
159900,363.943,357.441,428.487,427.213
160200,380.684,392.523,434.43,455.365
160500,414.91,386.1,471.059,420.872
160800,364.32,362.094,424.939,432.35
161100,427.459,379.162,467.724,480.883
161400,374.885,401.319,441.655,435.262
161700,353.607,382.181,425.514,449.275
162000,405.562,411.212,464.536,466.745
162300,387.234,399.205,445.043,444.184
162600,394.042,390.423,483.626,457.999
162900,379.194,404.393,470.612,474.87
163200,364.523,360.101,459.876,453.533
163500,361.6,386.223,459.211,456.822
163800,367.299,361.593,426.183,435.383
164100,346.538,350.819,412.252,423.368
164400,378.86,364.032,415.534,393.074
164700,374.297,358.352,407.083,415.672
165000,387.631,373.213,431.591,412.725
165300,357.584,355.105,397.951,407.082
165600,358.204,343.701,396.248,403.154
165900,385.564,385.175,453.228,419.487
166200,394.568,384.517,417.792,454.535
166500,380.315,395.542,422.554,407.753
166800,382.618,393.199,423.617,415.314
167100,377.646,367.835,399.458,416.467
167400,366.93,370.047,391.388,392.099
167700,386.145,372.439,413.547,405.983
168000,372.93,374.892,394.472,411.226
168300,356.913,360.059,387.974,392.365
168600,365.034,379.471,395.969,389.705
168900,390.263,391.326,407.74,395.831
169200,355.956,358.412,386.285,398.103
169500,387.756,375.636,422.437,383.083
169800,403.869,385.82,407.729,391.8
170100,354.741,374.289,375.894,403.455
170400,370.674,385.365,390.31,378.415
170700,359.724,366.72,369.058,383.098
171000,371.79,372.183,400.496,416.958
171300,361.381,371.883,373.468,388.365
171600,369.315,362.86,372.355,367.277
171900,359.991,358.704,371.858,380.179
172200,357.024,358.022,377.74,366.789
172500,340.674,363.697,365.495,368.832
172800,346.767,362.514,366.822,391.788
173100,371.259,342.891,391.641,384.528
173400,363.496,355.335,385.751,362.514
173700,360.206,355.018,383.324,384.354
174000,331.448,333.174,358.778,365.338
174300,348.489,352.655,367.609,354.797
174600,327.051,316.378,362.857,355.32
174900,331.08,316.834,358.669,370.17
175200,366.469,342.799,369.139,384.393
175500,346.713,403.443,381.646,408.723
175800,322.923,339.112,365.871,353.329
176100,340.858,345.007,376.206,360.932
176400,334.691,331.267,358.067,364.177
176700,339.659,346.629,381.574,366.627
177000,336.627,340.112,359.796,373.295
177300,323.548,331.177,353.951,371.018
177600,287.668,285.327,307.566,323.108
177900,287.176,271.07,297.939,289.92
178200,288.087,275.097,313.284,294.13
178500,279.421,290.415,297.306,283.131
178800,274.669,269.22,286.166,281.011
179100,286.783,275.891,309.591,293.638
179400,286.135,278.501,305.999,305.899
179700,286.269,275.507,285.583,294.93
180000,295.924,285.82,298.401,286.98
180300,279.459,299.514,296.167,307.719
180600,274.008,269.896,283.325,286.626
180900,282.789,263.602,277.236,281.844
181200,246.617,245.171,261.283,266.352
181500,241.8,245.677,253.201,255.005
181800,255.383,256.06,272.115,263.051
182100,257.243,261.371,268.346,267.823
182400,244.047,252.803,250.742,257.04
182700,232.281,240.382,240.18,240.726
183000,246.323,243.91,247.894,250.893
183300,252.656,247.75,255.927,264.303
183600,254.1,247.53,261.671,260.287
183900,251.062,250.554,262.144,258.156
184200,256.908,257.009,259.14,253.211
184500,252.021,249.862,253.322,259.964
184800,228.139,223.397,227.816,226.679
185100,218.036,221.536,221.981,221.927
185400,231.81,234.382,236.671,238.214
185700,233.439,235.592,237.088,245.307
186000,239.972,241.795,241.954,246.821
186300,239.752,239.808,242.552,250.985
186600,258.15,257.969,272.75,256.199
186900,244.162,244.309,269.766,248.583
187200,245.37,245.714,250.61,249.18
187500,244.088,241.124,242.353,235.026
187800,267.16,239.904,244.675,247.08
188100,244.388,234.167,255.978,247.346
188400,234.86,223.945,233.629,237.85
188700,231.652,237.462,235.78,235.962
189000,233.19,246.399,230.283,246.46
189300,242.519,251.227,246.442,245.741
189600,239.594,239.186,241.583,243.164
189900,247.133,249.796,251.261,251.187
190200,239.902,242.899,238.38,252.348
190500,240.24,237.286,244.029,239.745
190800,243.482,239.23,255.515,242.786
191100,239.287,249.83,244.876,247.455
191400,251.824,250.022,253.294,250.071
191700,241.679,250.904,248.813,252.4
192000,246.03,248.464,248.571,268.197
192300,247.501,249.359,252.472,251.468
192600,247.197,242.52,262.094,245.732
192900,248.624,251.214,274.561,247.625
193200,289.709,256.484,268.963,270.757
193500,256.794,272.298,261.323,265.578
193800,246.512,251.852,260.424,263.284
194100,257.577,253.973,261.533,256.598
194400,286.208,267.952,283.004,265.903
194700,271.643,241.588,275.214,246.154
195000,279.962,227.577,278.327,242.027
195300,283.604,269.55,285.886,258.61
195600,282.116,248.915,288.336,242.431
195900,304.643,244.178,308.597,253.322
196200,288.412,217.141,306.268,215.705
196500,326.813,261.398,319.5,289.233
196800,348.581,272.599,352.942,283.216
197100,352.918,227.639,350.722,216.383
197400,366.587,266.972,364.274,260.958
197700,341.561,255.314,364.934,275.754
198000,339.598,238.524,336.628,236.615
198300,407.636,264.885,422.229,255.555
198600,396.369,232.634,395.789,230.799
198900,372.077,219.292,367.237,242.6
199200,381.112,255.963,373.702,228.335
199500,383.861,229.049,378.919,226.252
199800,390.692,235.398,395.818,251.447
200100,429.817,244.501,436.288,250.472
200400,407.578,243.027,413.325,237.733
200700,383.716,227.324,382.757,228.403
201000,412.239,232.831,418.724,258.473
201300,464.75,266.862,452.886,233.579
201600,470.296,237.164,459.595,236.328
201900,396.986,223.922,414.6,237.585
202200,428.844,230.217,442.844,213.87
202500,443.384,249.781,438.767,261.736
202800,453.656,260.083,472.819,262.389
203100,443.931,239.534,410.904,225.331
203400,471.437,255.371,489.664,296.483
203700,445.734,263.5,488.48,273.315
204000,475.283,252.942,490.215,238.392
204300,453.868,232.037,453.567,264.948
204600,496.259,265.251,508.973,285.125
204900,486.08,236.956,481.347,225.283
205200,490.412,268.973,498.278,300.202
205500,532.304,275.832,537.912,296.98
205800,427.214,243.227,450.872,235.276
206100,501.286,275.102,544.93,281.749
206400,511.131,230.183,485.242,236.785
206700,480.365,263.884,491.255,271.673
207000,533.877,309.187,544.059,315.051
207300,500.231,218.73,487.614,261.752
207600,504.425,293.191,520.305,280.687
207900,582.311,309.821,574.947,284.773
208200,517.817,287.49,513.036,289.811
208500,512.136,282.095,517.819,298.437
208800,516.047,240.524,536.17,238.898
209100,496.218,258.265,491.719,253.973
209400,485.917,248.129,483.901,265.779
209700,538.159,268.514,554.613,299.563
210000,570.141,371.21,599.538,342.152
210300,613.166,361.01,608.381,374.919
210600,595.636,295.178,600.282,329.915
210900,618.001,375.438,652.356,371.906
211200,619.627,346.541,612.973,357.32
211500,583.15,324.249,594.394,327.225
211800,527.483,285.866,576.476,330.133
212100,609.154,337.45,597.307,319.268
212400,575.221,320.02,579.524,357.091
212700,560.442,297.839,606.278,290.925
213000,596.642,311.623,554.936,326.996
213300,571.111,368.363,598.659,346.321
213600,636.559,359.57,652.164,406.372
213900,630.343,322.134,633.494,334.891
214200,613.296,379.356,658.124,410.028
214500,655.862,402.394,661.458,374.172
214800,631.352,327.238,625.801,368.989
215100,674.283,438.185,665.374,418.93
215400,622.805,383.573,632.326,395.568
215700,648.295,370.787,672.97,369.464
216000,658.906,400.185,638.211,383.82
216300,642.138,372.632,611.986,378.951
216600,629.792,369.523,682.661,389.959
216900,705.135,378.215,703.668,392.007
217200,626.259,368.67,633.552,408.955
217500,624.118,380.163,653.813,359.174
217800,622.091,341.002,636.835,369.145
218100,635.875,398.408,657.496,397.178
218400,595.001,326.423,598.332,380.303
218700,671.72,436.754,702.602,436.354
219000,703.511,414.544,747.924,480.827
219300,623.959,346.066,652.112,382.905
219600,614.71,360.519,657.892,411.609
219900,648.734,382.751,693.416,379.395
220200,597.017,378.436,642.112,406.103
220500,677.054,377.446,685.782,430.141
220800,686.223,421.267,706.711,436.096
221100,637.78,403.222,708.223,443.498
221400,687.519,413.835,720.313,469.619
221700,702.421,401.33,745.802,460.306
222000,615.705,378.591,668.93,412.43
222300,668.85,391.385,702.887,441.791
222600,675.569,409.778,711.012,418.666
222900,653.907,388.684,667.695,427.353
223200,667.062,443.114,687.036,410.633
223500,652.55,357.158,668.363,423.83
223800,689.324,449.187,680.041,422.242
224100,636.811,397.653,659.213,442.922
224400,655.085,413.64,660.461,436.36
224700,666.154,385.115,689.386,404.95
225000,624.112,375.277,642.899,366.877
225300,648.067,391.588,643.931,411.25
225600,667.948,408.907,698.001,397.59
225900,641.804,401.947,649.585,415.71
226200,649.555,424.31,629.451,413.499
226500,676.863,449.139,668.874,455.996
226800,679.661,449.707,706.047,486.047
227100,665.258,425.132,713.955,435.198
227400,716.929,486.638,708.796,519.539
227700,656.291,455.743,724.462,488.416
228000,665.026,440.808,689.353,459.601
228300,644.073,414.973,660.148,457.578
228600,641.216,401.452,696.758,462.246
228900,658.826,432.594,681.366,445.666
229200,617.248,414.144,681.385,506.392
229500,677.148,476.156,691.818,480.054
229800,642.389,472.135,687.219,547.291
230100,683.478,513.524,780.51,578.072
230400,686.869,473.884,721.194,508.719
230700,641.79,516.43,753.501,609.489
231000,636.857,485.353,747.07,579.083
231300,654.179,523.731,720.047,567.287
231600,615.005,430.978,702.758,560.177
231900,670.974,473.369,707.308,547.341
232200,618.762,450.783,764.223,606.075
232500,627.551,468.156,773.236,544.728
232800,634.049,431.375,732.656,566.737
233100,598.813,456.475,732.812,575.885
233400,576.036,412.152,721.887,543.97
233700,588.753,474.028,701.371,563.196
234000,626.799,460.552,735.207,661.66
234300,582.764,460.904,772.922,584.586
234600,571.726,474.649,724.944,621.203
234900,576.417,461.056,714.982,595.491
235200,609.248,414.103,746.76,606.502
235500,578.832,442.636,725.44,573.138
235800,567.319,404.294,742.488,603.259
236100,596.253,462.607,778.107,596.007
236400,577.652,385.934,736.395,569.484
236700,509.129,385.271,662.781,506.341
237000,516.412,378.063,655.08,518.789
237300,518.938,398.085,666.252,526.075
237600,535.02,397.037,625.46,495.089
237900,555.162,398.331,659.603,523.702
238200,489.427,386.193,599.121,487.076
238500,491.592,404.659,590.144,511.755
238800,487.674,408.773,583.731,485.454
239100,522.022,429.756,614.705,549.527
239400,477.903,457.778,597.562,540.281
239700,496.266,408.031,609.243,557.373
240000,432.785,416.736,572.885,519.081
240300,427.318,361.869,568.711,501.341
240600,482.267,425.58,591.28,541.065
240900,430.19,401.374,538.674,506.683
241200,420.458,395.582,518.673,521.621
241500,444.692,429.852,532.327,519.333
241800,392.534,390.119,483.731,519.841
242100,390.684,405.67,487.29,494.796
242400,432.528,410.738,522.693,489.411
242700,392.186,434.519,492.934,536.326
243000,393.334,406.728,497.257,478.518
243300,394.816,377.758,472.383,482.693
243600,400.948,393.162,496.312,479.959
243900,390.564,415.649,486.297,477.191
244200,412.613,382.041,495.797,509.429
244500,384.843,390.473,477.594,456.485
244800,408.515,380.463,457.842,455.212
245100,420.166,422.196,470.955,465.325
245400,389.7,432.434,449.071,462.556
245700,371.816,377.341,437.342,442.433
246000,393.306,391.473,464.347,443.372
246300,407.26,383.844,442.429,456.372
246600,401.308,393.555,453.74,429.47
246900,418.263,382.528,462.149,443.602
247200,379.695,396.412,433.804,469.751
247500,369.976,382.121,465.903,429.019
247800,392.89,392.521,452.931,463.204
248100,371.411,370.882,425.074,449.351
248400,368.405,394.93,435.927,464.466
248700,362.437,365.795,443.682,442.89
249000,374.424,367.713,474.407,435.84
249300,373.787,363.537,440.735,451.178
249600,370.747,357.68,447.416,452.504
249900,358.844,383.704,436.081,410.01
250200,347.871,353.782,406.817,434.015
250500,356.682,353.523,431.279,425.077
250800,358.46,355.773,424.542,397.698
251100,367.478,352.346,389.128,394.297
251400,381.014,354.542,418.455,397.719
251700,375.974,368.993,411.355,421.36
252000,373.121,343.388,406.901,409.512
252300,366.267,384.705,422.154,424.209
252600,356.355,376.83,408.195,438.912
252900,350.61,368.212,396.471,390.867
253200,370.277,370.425,402.222,392.07
253500,364.174,358.309,395.701,391.087
253800,370.338,384.852,397.698,391.677
254100,360.365,371.381,378.182,389.688
254400,351.75,353.215,386.102,381.54
254700,355.285,369.337,405.761,378.146
255000,351.717,362.827,374.981,387.835
255300,373.125,381.402,394.982,392.171
255600,418.153,374.872,404.357,391.023
255900,367.21,389.439,397.102,416.962
256200,370.282,372.77,396.915,393.161
256500,357.88,343.165,360.697,411.735
256800,350.283,356.174,360.75,395.113
257100,379.021,381.519,378.498,394.123
257400,361.6,373.194,391.064,380.107
257700,336.865,355.265,367.898,355.878
258000,345.997,366.585,386.741,353.165
258300,367.575,356.436,375.889,376.81
258600,368.646,356.006,384.687,387.106
258900,342.983,339.884,371.246,357.356
259200,352.422,352.123,366.727,352.243
259500,369.078,355.268,382.613,379.366
259800,374.141,354.477,392.992,386.404
260100,380.248,388.399,397.712,395.267
260400,338.526,327.812,361.567,354.466
260700,316.597,315.303,345.722,357.323
261000,309.872,312.514,367.139,338.178
261300,331.521,326.917,362.309,347.789
261600,346.895,318.366,354.272,347.474
261900,340.736,321.444,353.057,353.56
262200,330.956,317.456,339.672,345.387
262500,324.349,330.007,368.261,359.737
262800,328.124,320.063,341.588,364.036
263100,320.428,314.562,340.66,380.847
263400,317.813,342.575,361.502,356.336
263700,309.132,333.288,342.118,339.321
264000,264.237,297.59,301.517,286.324
264300,275.738,269.718,287.999,283.083
264600,263.186,283.149,283.347,293.898
264900,264.482,268.068,278.441,289.721
265200,274.318,264.387,285.827,294.862
265500,292.264,275.357,310.815,296.847
265800,284.816,270.392,301.28,296.647
266100,282.56,272.494,285.899,291.475
266400,283.505,261.914,282.327,277.203
266700,276.21,292.748,291.008,297.203
267000,271.565,277.884,280.831,275.302
267300,262.467,274.373,278.9,296.957
267600,246.876,241.72,264.53,265.271
267900,239.009,239.453,257.033,255.57
268200,248.127,257.142,268.754,256.721
268500,260.667,251.316,263.758,267.566
268800,254.718,252.837,247.193,256.06
269100,239.083,229.642,240.886,240.161
269400,246.832,236.657,245.592,248.474
269700,243.055,241.014,251.265,260.052
270000,246.837,248.437,253.214,257.438
270300,247.347,248.32,262.665,256.191
270600,246.696,255.315,257.912,252.014
270900,257.618,246.114,257.877,257.365
271200,218.311,222.523,237.993,230.291
271500,215.015,214.986,226.645,220.471
271800,231.435,228.233,237.325,245.599
272100,232.539,231.711,234.324,239.642
272400,230.265,233.022,235.598,235.92
272700,237.585,240.173,250.858,246.673
273000,246.901,264.151,250.667,251.939
273300,259.993,252.568,261.026,254.039
273600,256.505,246.491,253.405,245.698
273900,245.623,242.303,246.765,242.62
274200,240.138,237.685,241.973,247.674
274500,229.535,243.924,234.699,248.064
274800,221.365,222.545,252.16,225.318
275100,238.909,232.31,230.96,229.094
275400,239.6,232.301,226.653,229.741
275700,236.94,241.283,241.305,241.969
276000,243.441,242.185,245.72,245.26
276300,253.581,248.628,255.676,278.93
276600,239.198,257.735,243.903,238.592
276900,236.261,236.008,247.685,239.876
277200,232.948,239.355,244.231,236.107
277500,251.555,248.628,244.025,247.479
277800,249.862,249.229,252.962,257.587
278100,259.733,256.254,267.282,259.097
278400,249.311,242.685,253.773,256.087
278700,259.96,245.688,266.279,249.431
279000,254.892,250.461,276.659,248.884
279300,247.515,257.631,259.368,263.904
279600,262.397,237.762,259.845,245.39
279900,247.294,261.951,263.89,275.756
280200,253.327,268.057,265.966,245.062
280500,262.154,267.124,273.335,259.073
280800,290.355,267.036,265.674,259.778
281100,289.292,258.644,287.065,278.136
281400,288.969,262.426,276.317,275.037
281700,272.558,255.494,273.175,254.48
282000,272.536,232.859,283.733,230.189
282300,302.007,239.562,289.457,249.803
282600,331.135,223.732,326.442,251.823
282900,316.212,290.931,321.433,265.225
283200,316.758,266.561,353.797,242.552
283500,363.101,258.005,363.744,258.788
283800,379.821,258.618,363.173,279.808
284100,359.118,223.198,360.058,252.508
284400,344.245,247.45,357.31,228.575
284700,379.313,269.314,388.746,264.807
285000,345.48,211.2,371.187,208.851
285300,396.399,202.913,393.628,235.523
285600,410.851,262.397,393.945,257.388
285900,412.387,246.828,397.911,219.306
286200,443.701,252.832,439.204,280.882
286500,419.587,263.192,429.205,260.741
286800,431.106,228.774,435.748,245.249
287100,395.595,258.384,398.038,239.335
287400,424.483,236.713,431.587,205.579
287700,446.543,249.798,431.437,253.456
288000,467.783,237.018,462.303,252.327
288300,436.088,279.352,430.171,257.2
288600,426.873,211.313,439.385,224.816
288900,430.549,247.827,443.027,281.53
289200,504.939,310.071,509.031,288.958
289500,456.977,270.813,465.185,289.688
289800,473.676,267.39,475.838,284.179
290100,507.32,302.453,516.84,296.119
290400,509.775,274.462,505.851,299.175
290700,480.539,298.932,513.624,313.407
291000,512.548,359.397,522.627,344.664
291300,507.527,309.325,521.641,331.036
291600,508.651,334.676,523.873,360.722
291900,537.977,383.843,525.029,378.93
292200,494.517,326.974,506.627,352.467
292500,491.074,341.596,523.991,375.368
292800,534.399,360.641,516.248,356.737
293100,515.202,334.984,559.57,337.073
293400,598.512,377.264,598.471,354.493
293700,514.877,256.341,513.519,272.026
294000,514.671,262.023,518.924,256.775
294300,572.646,312.393,533.135,344.464
294600,510.044,299.526,536.615,301.017
294900,526.64,303.242,536.714,274.485
295200,539.683,299.841,522.782,305.509
295500,543.208,293.929,554.343,284.267
295800,560.589,302.858,562.503,330.766
296100,575.121,287.881,584.385,314.911
296400,602.399,344.176,634.53,342.441
296700,595.906,372.1,618.68,384.276
297000,604.585,320.711,599.279,301.868
297300,622.434,328.119,627.64,357.144
297600,565.177,330.436,601.278,356.537
297900,591.28,340.977,580.405,352.142
298200,587.523,321.951,624.993,334.902
298500,634.381,379.315,606.696,378.943
298800,572.305,326.399,607.98,348.035
299100,617.63,343.967,627.03,327.732
299400,553.242,329.39,595.339,359.496
299700,607.063,368.859,587.365,376.044
300000,656.345,375.385,654.775,394.826
300300,640.967,359.07,665.038,386.753
300600,659.477,364.279,660.365,392.803
300900,638.296,409.548,658.296,387.673
301200,673.324,397.828,677.251,429.592
301500,677.987,412.15,676.507,378.916
301800,633.009,371.065,662.284,378.676
302100,696.137,414.881,668.046,399.186
302400,664.447,379.224,673.057,416.569
302700,669.095,404.276,674.505,384.737
303000,656.427,365.499,681.006,425.1
303300,663.217,409.813,664.369,388.362
303600,645.485,417.334,677.068,430.697
303900,665.502,384.597,643.317,389.904
304200,649.693,403.277,678.151,406.665
304500,644.586,379.45,673.573,418.611
304800,625.778,371.049,664.762,395.8
305100,725.193,421.627,724.898,442.441
305400,667.192,440.534,722.962,507.045
305700,676.915,391.562,679.767,402.83
306000,637.77,364.054,707.445,402.972
306300,681.333,419.795,703.938,457.802
306600,669.808,403.747,682.787,409.21
306900,653.159,350.546,715.846,409.203
307200,686.386,425.349,724.631,450.037
307500,675.843,430.379,701.335,467.564
307800,671.353,406.725,712.998,444.153
308100,687.56,424.017,760.022,505.101
308400,670.847,431.754,699.943,434.215
308700,701.462,408.757,729.952,471.385
309000,671.86,425.864,712.545,445.404
309300,688.492,483.446,726.494,471.535
309600,719.535,406.487,712.875,460.915
309900,696.68,432.721,689.336,464.168
310200,674.139,432.943,722.268,416.499
310500,685.398,418.415,682.472,438.738
310800,675.028,407.261,678.175,448.096
311100,669.906,415.465,674.515,401.67
311400,656.817,384.983,679.427,431.524
311700,649.714,389.179,670.926,377.706
312000,685.594,423.599,698.343,432.911
312300,662.065,404.047,641.221,387.631
312600,642.497,389.474,688.601,397.061
312900,705.17,413.731,665.166,451.362
313200,657.293,459.021,647.795,431.707
313500,635.082,387.557,703.484,449.801
313800,681.886,473.413,703.336,484.996
314100,687.57,430.273,700.175,461.092
314400,647.037,356.825,706.71,409.061
314700,610.065,407.081,637.919,404.018
315000,648.336,430.844,688.5,466.195
315300,708.154,421.269,720.679,488.046
315600,625.343,411.65,683.727,451.293
315900,652.048,419.033,706.681,473.655
316200,714.888,457.803,733.336,478.768
316500,628.55,391.074,694.517,490.857
316800,663.695,394.882,729.501,465.339
317100,618.64,426.628,725.419,488.011
317400,641.459,413.884,738.917,470.614
317700,629.815,389.912,705.214,510.935
318000,658.093,459.205,742.984,509.307
318300,620.176,417.732,713.13,529.722
318600,701.349,439.294,784.657,557.929
318900,615.723,453.802,744.458,569.285
319200,627.371,453.892,755.212,564.452
319500,600.343,423.033,756.362,576.638
319800,614.221,448.47,731.05,558.478
320100,626.577,420.651,742.893,550.453
320400,648.526,468.263,782.216,576.884
320700,607.462,422.884,767.469,629.058
321000,654.35,461.964,779.998,564.349
321300,573.198,423.37,742.207,579.733
321600,589.178,469.525,763.075,640.003
321900,670.659,472.33,783.291,625.085
322200,609.127,411.794,786.649,576.118
322500,549.181,421.877,744.009,610.33
322800,616.088,442.409,746.507,574.661
323100,604.117,402.548,749.033,564.177
323400,534.589,440.743,716.746,544.672
323700,563.649,420.737,676.887,570.67
324000,547.634,427.156,655.841,515.127
324300,579.093,436.809,650.302,564.843
324600,533.061,443.745,683.441,542.064
324900,516.195,410.286,598.847,515.463
325200,556.772,483.703,636.506,592.308
325500,554.371,464.098,671.997,559.489
325800,510.999,449.367,637.143,601.859
326100,511.904,437.674,638.266,525.932
326400,491.791,409.405,609.4,535.102
326700,479.991,415.202,607.215,517.868
327000,503.398,448.628,578.756,574.304
327300,481.191,437.595,594.846,562.862
327600,454.487,432.463,564.798,545.813
327900,463.751,444.105,575.527,555.881
328200,447.183,448.41,557.256,528.049
328500,444.143,429.841,548.486,537.623
328800,431.979,467.831,536.363,535.832
329100,427.453,430.731,512.085,527.067
329400,449.054,456.899,529.75,541
329700,460.239,450.766,518,515.233
330000,469.417,444.257,548.974,534.073
330300,422.323,449.475,518.238,528.107
330600,433.332,418.888,516.258,546.032
330900,460.201,416.998,548.646,538.526
331200,411.139,436.871,489.18,495.036
331500,429.791,439.106,468.901,511.035
331800,436.619,447.162,501.291,487.597
332100,417.299,445.736,442.512,463.375
332400,412.924,428.741,484.386,472.317
332700,434.808,429.92,501.353,493.707
333000,401.746,420.463,490.447,506.554
333300,415.197,415.071,508.022,464.779
333600,451.786,425.019,489.177,503.097
333900,418.564,442.954,477.843,486.976
334200,428.556,424.545,481.196,469.4
334500,443.532,450.963,521.893,530.326
334800,409.985,422.452,506.101,484.122
335100,424.476,436.455,487.601,506.135
335400,446.153,446.814,519.424,502.661
335700,434.717,410.766,471.82,489.007
336000,416.285,369.822,451.051,468.153
336300,385.842,414.1,467.896,471.401
336600,391.944,384.183,481.227,484.098
336900,392.787,376.512,478.403,452.192
337200,400.447,375.799,452.02,433.009
337500,383.829,387.247,414.858,441.401
337800,379.088,396.495,421.097,408.859
338100,410.932,399.923,447.049,432.363
338400,370.92,423.022,428.317,457.962
338700,410.625,381.685,451.914,430.243
339000,390.019,380.277,440.94,466.21
339300,371.269,427.048,424.532,422.53
339600,386.939,379.473,412.317,406.904
339900,366.812,363.423,398.445,386.678
340200,361.992,358.17,419.47,390.016
340500,372.439,396.333,396.968,421.143
340800,395.975,369.288,408.029,401.585
341100,384.472,371.814,412.398,403.356
341400,397.781,368.837,393.826,397.869
341700,372.517,386.209,407.37,398.525
342000,389.213,377.597,391.185,408.418
342300,373.674,393.951,390.205,414.196
342600,369.982,365.67,403.434,387.055
342900,383.378,363.314,412.478,400.619
343200,353.827,374.909,379.319,385.662
343500,369.722,371.518,364.528,367.094
343800,364.366,382.667,377.82,397.313
344100,377.563,370.406,377.734,380.925
344400,360.322,375.969,393.122,382.962
344700,385.462,358.154,406.663,382.445
345000,367.743,373.086,402.89,374.646
345300,361.423,380.186,379.822,370.354
345600,384.52,368.039,392.24,405.391
345900,384.512,369.572,400.859,408.166
346200,362.66,373.359,401.107,395.04
346500,369.143,349.714,382.03,376.969
346800,359.165,322.895,366.838,371.743
347100,326.636,341.046,348.208,365.292
347400,320.828,344.237,379.793,379.883
347700,333.576,327.115,373.068,352.994
348000,355.553,338.532,354.988,356.589
348300,332.245,359.784,362.128,375.569
348600,341.04,368.104,377.601,378.882
348900,355.798,350.101,385.749,388.898
349200,360.226,354.15,369.417,376.982
349500,354.834,336.595,384.762,404.319
349800,333.724,355.745,364.479,382.505
350100,326.283,337.569,383.913,364.945
350400,284.705,283.785,320.008,305.11
350700,298.288,273.055,283.389,289.806
351000,268.404,277.705,292.035,296.445
351300,266.294,284.541,280.022,301.37
351600,263.965,287.926,283.684,285.527
351900,276.568,276.019,305.412,319.279
352200,301.016,282.084,310.458,300.577
352500,279.881,302.308,295.721,299.794
352800,272.322,278.462,282.675,291.223
353100,279.239,282.173,284.272,288.358
353400,272.278,281.817,277.519,280.887
353700,275.284,267.34,299.402,282.112
354000,251.08,243.957,267.584,252.043
354300,257.247,237.651,257.726,261.86
354600,253.389,248.225,264.444,277.499
354900,254.342,249.255,259.565,263.809
355200,244.075,243.571,243.439,245.068
355500,230.124,246.295,240.501,239.736
355800,246.273,253.362,260.822,258.064
356100,269.608,259.408,264.842,259.957
356400,254.203,262.28,250.654,258.23
356700,249.705,263.875,252.137,263.516
357000,247.629,246.141,247.908,255.583
357300,248.71,246.728,249.924,255.898
357600,221.628,224.209,225.927,231.599
357900,213.266,237.675,231.413,238.304
358200,229.127,229.679,234.469,234.469
358500,245.805,230.899,237.086,237.856
358800,230.596,235.556,235.072,241.016
359100,240.395,239.211,242.162,251.213
359400,252.175,254.476,250.481,250.556
359700,250.245,239.56,250.985,252.726
360000,239.274,243.674,247.642,246.085
360299,247.244,238.564,262.861,238.885
360601,247.955,240.726,244.236,240.839
360900,248.379,231.307,245.025,242.254
361199,223.062,223.393,240.179,237.449
361501,216.31,222.212,232.02,220.439
361800,230.827,230.967,253.438,233.411
362099,263.929,246.313,246.901,244.577
362401,241.254,258.914,259.712,248.53
362700,268.153,263.709,271.36,271.009
362999,245.942,243.214,240.638,244.301
363301,248.047,252.376,249.743,265.197
363600,244.843,240.975,250.728,247.741
363899,254.401,256.671,248.615,261.865
364201,261.895,255.304,277.5,259.863
364500,263.41,251.923,266.076,260.352
364799,262.464,255.766,273.992,269.495
365101,283.142,259.331,254.726,246.493
365400,261.485,284.565,276.36,265.456
365699,276.26,251.238,302.537,261.079
366001,280.239,262.595,285.401,277.075
366300,256.165,262.267,272.323,261.032
366599,257.299,255.453,274.616,250.562
366901,297.725,276.8,298.242,271.11
367200,298.266,304.285,285.854,297.283
367499,331.129,264.75,320.958,309.263
367801,296.333,267.419,295.91,297.728
368100,282.199,271.979,305.185,257.611
368399,296.338,295.853,315.332,294.345
368701,336.108,262.853,323.074,259.197
369000,335.658,258.182,312.395,267.165
369299,351.231,253.805,360.678,238.228
369601,348.569,303.688,365.069,285.072
369900,347.795,261.007,370.342,279.462
370199,385.19,273.383,382.268,270.232
370501,389.671,256.23,364.05,263.348
370800,427.358,243.371,383.738,234.043
371099,379.178,252.203,401.501,293.585
371401,324.052,245.583,371.406,245.347
371700,387.994,270.342,418.615,250.787
371999,450.999,285.374,431.803,299.922
372301,406.795,228.216,409.189,244.371
372600,401.234,259.018,406.52,263.178
372899,409.713,247.781,383.416,212.694
373201,477.873,296.203,439.658,313.376
373500,415.879,240.674,447.976,263.72
373799,464.11,261.62,476.387,235.839
374101,404.649,263.202,410.586,236.365
374400,466.037,233.036,481.005,252.054
374699,500.377,297.062,462.973,285.355
375001,462.406,240.563,456.738,242.005
375300,422.963,269.436,452.713,259.502
375599,513.712,303.951,542.238,353.629
375901,438.415,236.512,429.665,240.216
376200,534.26,328.847,541.028,299.529
376499,484.555,264.954,516.28,302.611
376801,493.414,303.921,509.742,304.22
377100,526.485,253.451,489.663,286.061
377399,477.81,296.734,510.662,315.385
377701,525.944,290.267,533.762,288.319
378000,495.594,296.313,507.529,304.263
378299,540.182,311.012,560.638,300.375
378601,501.469,231.388,519.096,269.05
378900,537.304,304.549,539.978,308.887
379199,534.018,268.192,547.168,301.709
379501,497.665,303.62,527.317,307.838
379800,557.995,321.788,550.259,339.706
380099,542.179,309.728,535.468,280.959
380401,582.153,328.33,549.676,329.783
380700,564.9,317.328,575.238,308.717
380999,543.371,272.7,553.105,267.561
381301,558.95,290.82,547.594,301.682
381600,501.74,304.021,562.133,323.369
381899,570.351,308.75,532.332,336.664
382201,552.461,319.791,558.662,290.515
382500,562.035,285.341,573.162,313.837
382799,588.943,361.595,643.548,374.047
383101,637.271,378.221,641.919,371.192
383400,578.142,332.233,550.807,337.592
383699,579.113,395.131,623.845,382.233
384001,660.695,341.383,618.909,400.136
384300,560.853,298.429,610.781,306.233
384599,601.142,350.612,601.699,362.243
384901,597.657,352.246,658.212,363.59
385200,631.708,297.611,589.637,333.421
385499,568.804,367.563,602.455,310.726
385801,613.532,372.723,602.908,405.858
386100,631.218,317.599,633.09,340.957
386399,639.086,359.64,648.288,361.345
386701,626.183,390.087,658.451,405.9
387000,651.734,395.629,673.896,427.318
387299,663.466,422.427,677.397,408.908
387601,697.083,384.988,672.122,421.379
387900,645.198,412.234,691.349,414.341
388199,681.917,422.992,670.04,424.383
388501,670.871,415.873,678.6,410.016
388800,676.587,411.091,690.236,405.051
389099,657.623,403.178,633.074,367.19
389401,662.897,393.509,635.429,419.653
389700,665.842,435.403,711.041,446.026
389999,711.862,398.962,721.908,465.973
390301,657.121,371.179,680.141,406.3
390600,641.248,396,661.734,363.051
390899,697.537,419.07,697.238,437.814
391201,680.672,382.014,703.075,410.811
391500,653.603,399.623,709.945,399.076
391799,691.714,414.411,689.517,513.829
392101,647.472,427.717,711.733,412.639
392400,694.463,421.124,684.38,463.718
392699,670.361,452.219,736.411,472.01
393001,692.146,384.441,738.26,436.455
393300,685.377,424.622,735.611,457.502
393599,719.339,435.873,742.399,508.196
393901,666.969,459.851,715.416,440.161
394200,669.154,391.203,692.11,481.008
394499,690.156,465.5,748.678,452.731
394801,711.238,416.99,713.527,497.679
395100,655.671,427.456,745.105,439.976
395399,732.411,416.682,705.563,453.869
395701,715.423,466.089,766.143,506.631
396000,714.802,480.966,748.065,487.824
396299,680.725,395.669,666.143,413.915
396601,733.474,442.467,754.957,462.601
396900,687.927,418.166,708.16,437.662
397199,666.782,374.112,657.523,396.936
397501,614.623,428.471,654.534,416.003
397800,659.451,434.592,673.792,429.359
398099,681.506,406.93,681.722,436.47
398401,697.46,434.093,659.62,451.013
398700,692.891,463.822,732.108,433.642
398999,673.656,432.104,680.173,453.763
399301,667.208,441.587,707.743,427.258
399600,678.471,394.56,648.826,440.125
399899,666.998,426.416,687.398,420.93
400201,651.527,381.892,716.75,443.649
400500,681.683,422.261,686.319,458.33
400799,659.657,447.792,663.812,446.275
401101,659.4,416.376,688.21,457.071
401400,707.368,405.154,737.622,470.52
401699,643.29,459.555,737.595,447.232
402001,652.586,410.79,683.907,487.626
402300,654.008,473.752,713.748,519.947
402599,684.946,490.467,726.699,572.8
402901,656.186,492.037,702.347,533.556
403200,614.26,527.417,701.868,577.762
403499,672.25,524.978,724.451,611.922
403801,707.998,564.036,799.757,641.874
404100,673.047,530.305,749.769,600.149
404399,621.828,482.165,743.387,565.265
404701,648.515,479.544,728.27,575.491
405000,656.615,441.469,757.15,583.999
405299,664.34,425.485,783.148,543.786
405601,649.108,395.409,799.672,543.047
405900,606.085,433.423,738.525,534.639
406199,589.113,412.874,728.251,517.743
406501,620.192,467.796,723.682,589.992
406800,648.771,419.529,750.746,561.114
407099,651.824,404.072,799.848,572.626
407401,602.055,432.272,787.921,564.97
407700,639.152,441.556,756.81,607.124
407999,609.596,430.192,802.957,602.888
408301,597.959,449.99,769.596,609.91
408600,604.215,457.109,762.516,590.38
408899,612.028,441.573,761.366,585.372
409201,577.289,430.692,731.669,613.566
409500,556.611,411.787,743.106,565.133
409799,566.668,411.716,672.981,562.891
410101,577.493,445.46,695.073,570.212
410400,541.434,399.763,677.837,497.085
410699,566.247,438.253,669.434,544.829
411001,602.188,465.818,671.137,551.031
411300,548.167,397.752,684.037,509.411
411599,500.717,429.945,593.115,538.668
411901,552.343,427.86,673.248,564.181
412200,506.505,467.467,626.665,553.933
412499,527.172,416.136,636.242,570.783
412801,484.38,435.918,585.267,526.586
413100,474.206,446.226,587.074,547.806
413399,467.891,433.709,587.474,520.667
413701,501.323,482.935,610.95,609.209
414000,416.854,424.769,539.411,539.085
414299,448.82,434.086,567.572,562.503
414601,422.299,448.614,535.681,545.493
414900,474.714,422.307,571.236,535.97
415199,452.714,480.418,524.852,555.718
415501,438.694,429.399,521.438,498.713
415800,483.364,445.03,558.709,552.794
416099,439.664,446.16,542.082,509.445
416401,462.115,445.044,554.943,535.036
416700,427.371,447.596,516.222,545.823
416999,428.437,437.905,502.791,515.77
417301,456.428,442.851,530.116,548.951
417600,425.223,444.584,487.156,517.065
417899,425.859,425.004,467.857,488.777
418201,431.73,441.073,515.607,493.743
418500,423.69,438.393,484.029,493.17
418799,415.033,419.966,448.891,482.434
419101,426.712,428.543,518.841,465.517
419400,450.085,436.86,504.41,488.596
419699,417.593,422.315,489.375,489.421
420001,425.569,419.362,495.333,459.205
420300,467.258,422.729,497.977,501.745
420599,400.462,434.906,485.704,493.039
420901,400.539,447.177,472.903,481.862
421200,450.692,404.372,491.842,491.513
421499,419.516,429.619,487.18,518.266
421801,381.021,447.491,477.845,505.048
422100,402.076,411.643,505.515,493.955
422399,421.303,398.308,471.824,457.213
422701,411.335,412.369,484.655,471.251
423000,406.522,387.127,464.95,489.418
423299,406.778,396.616,446.926,460.805
423601,409.352,385.785,487.586,446.211
423900,403.125,393.122,456.01,457.999
424199,409.048,395.381,440.179,453.186
424501,418.234,426.835,481.015,446.971
424800,398.971,400.007,437.623,423.131
425099,412.876,397.798,444.706,451.221
425401,422.038,423.066,450.823,466.55
425700,395.904,396.353,417.858,434.306
425999,389.321,395.975,414.802,409.097
426301,372.557,385.07,422.304,408.23
426600,366.67,371.753,434.886,391.813
426899,414.094,397.595,399.011,404.936
427201,393.398,367.187,438.102,438.375
427500,369.173,371.065,424.985,400.719
427799,382.997,412.755,393.543,425.792
428101,403.944,383.131,413.002,421.791
428400,381.434,390.785,392.659,403.773
428699,377.461,399.378,385.678,410.453
429001,378.725,395.361,420.978,425.989
429300,394.297,385.192,431.88,398.07
429599,392.478,382.081,402.199,382.563
429901,368.207,378.481,408.346,403.922
430200,367.388,375.39,383.11,398.899
430499,378.708,367.32,383.674,422.428
430801,376.784,372.613,382.714,384.609
431100,377.037,398.856,384.51,398.776
431399,361.517,370.966,378.565,367.773
431701,366.936,365.13,392.938,381.064
432000,380.047,371.055,365.174,392.593
