name,bus1,bus2,kV,length[miles],#parallel,r1[Ohms/mile],x1[Ohms/mile],b1[MVAR/mile],ampacity,capacity[MW]
//ehv1,77,86,345.0,53.29,1,0.07,0.593,0.8616,1814.0,1084.0
//ehv2,47,54,345.0,55.31,1,0.07,0.593,0.8616,1814.0,1084.0
ehv3,54,55,345.0,68.71,1,0.07,0.593,0.8616,1814.0,1084.0
//ehv4,151,159,345.0,62.52,1,0.07,0.593,0.8616,1814.0,1084.0
//ehv5,88,114,345.0,83.74,1,0.07,0.593,0.8616,1814.0,1084.0
ehv6,125,126,345.0,26.88,1,0.07,0.593,0.8616,1814.0,1084.0
//ehv7,152,165,345.0,78.55,1,0.07,0.593,0.8616,1814.0,1084.0
//ehv8,26,28,345.0,53.91,1,0.07,0.593,0.8616,1814.0,1084.0
//ehv9,147,165,345.0,173.89,1,0.07,0.593,0.8616,1814.0,1084.0
//ehv10,48,86,345.0,66.06,1,0.07,0.593,0.8616,1814.0,1084.0
ehv11,34,35,345.0,58.04,1,0.07,0.593,0.8616,1814.0,1084.0
ehv12,103,175,345.0,255.08,1,0.07,0.593,0.8616,1814.0,1084.0
ehv13,76,77,345.0,26.64,2,0.07,0.593,0.8616,1814.0,1084.0
//ehv14,48,125,345.0,31.15,1,0.07,0.593,0.8616,1814.0,1084.0
ehv15,72,159,345.0,57.93,1,0.07,0.593,0.8616,1814.0,1084.0
//ehv16,25,26,345.0,37.12,1,0.07,0.593,0.8616,1814.0,1084.0
//ehv17,114,125,345.0,56.81,1,0.07,0.593,0.8616,1814.0,1084.0
//ehv18,191,195,345.0,189.06,1,0.07,0.593,0.8616,1814.0,1084.0
//ehv19,36,159,345.0,92.06,1,0.07,0.593,0.8616,1814.0,1084.0
ehv20,35,36,345.0,45.12,1,0.07,0.593,0.8616,1814.0,1084.0
//ehv21,34,36,345.0,54.86,1,0.07,0.593,0.8616,1814.0,1084.0
ehv22,75,77,345.0,22.17,1,0.07,0.593,0.8616,1814.0,1084.0
//ehv23,116,118,345.0,101.44,1,0.07,0.593,0.8616,1814.0,1084.0
ehv24,26,54,345.0,39.04,1,0.07,0.593,0.8616,1814.0,1084.0
ehv25,50,159,345.0,160.28,1,0.07,0.593,0.8616,1814.0,1084.0
ehv26,125,142,345.0,33.02,1,0.07,0.593,0.8616,1814.0,1084.0
ehv27,114,126,345.0,47.69,1,0.07,0.593,0.8616,1814.0,1084.0
ehv28,118,195,345.0,85.06,1,0.07,0.593,0.8616,1814.0,1084.0
ehv29,17,18,345.0,31.35,1,0.07,0.593,0.8616,1814.0,1084.0
ehv30,13,76,345.0,171.08,1,0.07,0.593,0.8616,1814.0,1084.0
ehv31,91,142,345.0,89.35,1,0.07,0.593,0.8616,1814.0,1084.0
ehv32,8,12,345.0,52.82,1,0.07,0.593,0.8616,1814.0,1084.0
ehv33,3,18,345.0,82.66,2,0.07,0.593,0.8616,1814.0,1084.0
//ehv34,35,147,345.0,120.91,1,0.07,0.593,0.8616,1814.0,1084.0
//ehv35,72,103,345.0,235.91,1,0.07,0.593,0.8616,1814.0,1084.0
ehv36,47,50,345.0,26.12,1,0.07,0.593,0.8616,1814.0,1084.0
//ehv37,83,116,345.0,105.94,1,0.07,0.593,0.8616,1814.0,1084.0
ehv38,152,169,345.0,47.70,1,0.07,0.593,0.8616,1814.0,1084.0
//ehv39,15,86,345.0,108.57,1,0.07,0.593,0.8616,1814.0,1084.0
//ehv40,8,35,345.0,209.50,1,0.07,0.593,0.8616,1814.0,1084.0
//ehv41,2,18,345.0,72.20,1,0.07,0.593,0.8616,1814.0,1084.0
ehv42,2,12,345.0,92.79,2,0.07,0.593,0.8616,1814.0,1084.0
ehv43,17,55,345.0,23.51,1,0.07,0.593,0.8616,1814.0,1084.0
ehv44,103,118,345.0,139.88,1,0.07,0.593,0.8616,1814.0,1084.0
ehv45,12,13,345.0,65.35,1,0.07,0.593,0.8616,1814.0,1084.0
//ehv46,103,159,345.0,224.68,1,0.07,0.593,0.8616,1814.0,1084.0
//ehv47,26,50,345.0,85.71,1,0.07,0.593,0.8616,1814.0,1084.0
//ehv48,88,125,345.0,95.84,1,0.07,0.593,0.8616,1814.0,1084.0
//ehv49,48,126,345.0,41.17,1,0.07,0.593,0.8616,1814.0,1084.0
//ehv50,12,18,345.0,106.82,1,0.07,0.593,0.8616,1814.0,1084.0
ehv51,0,8,345.0,85.26,1,0.07,0.593,0.8616,1814.0,1084.0
//ehv52,75,76,345.0,26.12,1,0.07,0.593,0.8616,1814.0,1084.0
ehv53,75,81,345.0,23.26,4,0.07,0.593,0.8616,1814.0,1084.0
ehv54,55,86,345.0,51.14,1,0.07,0.593,0.8616,1814.0,1084.0
//ehv55,83,142,345.0,89.60,1,0.07,0.593,0.8616,1814.0,1084.0
//ehv56,50,103,345.0,125.02,1,0.07,0.593,0.8616,1814.0,1084.0
//ehv57,88,142,345.0,82.58,1,0.07,0.593,0.8616,1814.0,1084.0
ehv58,26,159,345.0,139.04,2,0.07,0.593,0.8616,1814.0,1084.0
//ehv59,50,114,345.0,99.43,1,0.07,0.593,0.8616,1814.0,1084.0
ehv60,0,2,345.0,22.68,1,0.07,0.593,0.8616,1814.0,1084.0
ehv61,159,161,345.0,33.73,1,0.07,0.593,0.8616,1814.0,1084.0
ehv62,91,116,345.0,76.61,1,0.07,0.593,0.8616,1814.0,1084.0
//ehv63,72,161,345.0,37.23,1,0.07,0.593,0.8616,1814.0,1084.0
//ehv64,2,8,345.0,79.80,1,0.07,0.593,0.8616,1814.0,1084.0
//ehv65,118,175,345.0,314.38,1,0.07,0.593,0.8616,1814.0,1084.0
ehv66,103,114,345.0,30.85,1,0.07,0.593,0.8616,1814.0,1084.0
//ehv67,151,169,345.0,49.64,1,0.07,0.593,0.8616,1814.0,1084.0
//ehv68,40,159,345.0,111.36,1,0.07,0.593,0.8616,1814.0,1084.0
ehv69,26,40,345.0,71.30,1,0.07,0.593,0.8616,1814.0,1084.0
//ehv70,161,169,345.0,46.49,1,0.07,0.593,0.8616,1814.0,1084.0
//ehv71,0,28,345.0,63.31,1,0.07,0.593,0.8616,1814.0,1084.0
ehv72,88,91,345.0,33.76,1,0.07,0.593,0.8616,1814.0,1084.0
ehv73,75,86,345.0,61.11,2,0.07,0.593,0.8616,1814.0,1084.0
//ehv74,17,54,345.0,72.03,1,0.07,0.593,0.8616,1814.0,1084.0
ehv75,47,48,345.0,36.97,1,0.07,0.593,0.8616,1814.0,1084.0
//ehv76,88,116,345.0,69.95,1,0.07,0.593,0.8616,1814.0,1084.0
ehv77,165,169,345.0,56.65,1,0.07,0.593,0.8616,1814.0,1084.0
ehv78,81,83,345.0,54.00,2,0.07,0.593,0.8616,1814.0,1084.0
ehv79,88,103,345.0,89.32,1,0.07,0.593,0.8616,1814.0,1084.0
//ehv80,3,54,345.0,57.84,1,0.07,0.593,0.8616,1814.0,1084.0
//ehv81,0,25,345.0,43.38,1,0.07,0.593,0.8616,1814.0,1084.0
ehv82,13,15,345.0,30.05,1,0.07,0.593,0.8616,1814.0,1084.0
ehv83,147,152,345.0,97.03,1,0.07,0.593,0.8616,1814.0,1084.0
//ehv84,36,151,345.0,98.33,1,0.07,0.593,0.8616,1814.0,1084.0
//ehv85,2,3,345.0,34.71,1,0.07,0.593,0.8616,1814.0,1084.0
ehv86,3,26,345.0,43.10,4,0.07,0.593,0.8616,1814.0,1084.0
//ehv87,0,34,345.0,102.84,1,0.07,0.593,0.8616,1814.0,1084.0
//ehv88,103,116,345.0,127.61,1,0.07,0.593,0.8616,1814.0,1084.0
//ehv89,18,54,345.0,75.13,1,0.07,0.593,0.8616,1814.0,1084.0
//ehv90,47,55,345.0,48.52,1,0.07,0.593,0.8616,1814.0,1084.0
//ehv91,81,191,345.0,36.82,1,0.07,0.593,0.8616,1814.0,1084.0
//ehv92,28,40,345.0,32.02,1,0.07,0.593,0.8616,1814.0,1084.0
ehv93,76,191,345.0,55.08,1,0.07,0.593,0.8616,1814.0,1084.0
//ehv94,147,151,345.0,99.83,1,0.07,0.593,0.8616,1814.0,1084.0
//ehv95,81,142,345.0,75.42,1,0.07,0.593,0.8616,1814.0,1084.0
//ehv96,72,165,345.0,75.92,1,0.07,0.593,0.8616,1814.0,1084.0
ehv97,3,25,345.0,29.48,2,0.07,0.593,0.8616,1814.0,1084.0
ehv98,48,55,345.0,53.12,1,0.07,0.593,0.8616,1814.0,1084.0
ehv99,28,34,345.0,43.54,2,0.07,0.593,0.8616,1814.0,1084.0
ehv100,165,175,345.0,68.41,1,0.07,0.593,0.8616,1814.0,1084.0
//ehv101,17,86,345.0,59.04,1,0.07,0.593,0.8616,1814.0,1084.0
ehv102,0,3,345.0,28.51,3,0.07,0.593,0.8616,1814.0,1084.0
ehv103,50,126,345.0,55.48,1,0.07,0.593,0.8616,1814.0,1084.0
//ehv104,72,175,345.0,106.99,1,0.07,0.593,0.8616,1814.0,1084.0
ehv105,116,195,345.0,50.27,1,0.07,0.593,0.8616,1814.0,1084.0
//ehv106,47,126,345.0,57.35,1,0.07,0.593,0.8616,1814.0,1084.0
//ehv107,76,81,345.0,37.61,1,0.07,0.593,0.8616,1814.0,1084.0
//ehv108,83,195,345.0,151.75,1,0.07,0.593,0.8616,1814.0,1084.0
ehv109,15,18,345.0,63.08,1,0.07,0.593,0.8616,1814.0,1084.0
ehv110,48,142,345.0,47.71,1,0.07,0.593,0.8616,1814.0,1084.0
ehv111,83,191,345.0,42.25,1,0.07,0.593,0.8616,1814.0,1084.0
//ehv112,15,77,345.0,129.74,1,0.07,0.593,0.8616,1814.0,1084.0
ehv113,50,54,345.0,58.43,1,0.07,0.593,0.8616,1814.0,1084.0
//ehv114,13,77,345.0,151.89,1,0.07,0.593,0.8616,1814.0,1084.0
ehv115,36,147,345.0,114.63,1,0.07,0.593,0.8616,1814.0,1084.0
ehv116,36,40,345.0,63.67,1,0.07,0.593,0.8616,1814.0,1084.0
ehv117,34,40,345.0,22.38,1,0.07,0.593,0.8616,1814.0,1084.0
ehv118,75,142,345.0,76.55,2,0.07,0.593,0.8616,1814.0,1084.0
ehv119,151,152,345.0,40.21,1,0.07,0.593,0.8616,1814.0,1084.0
ehv120,25,28,345.0,27.11,2,0.07,0.593,0.8616,1814.0,1084.0
//ehv121,15,17,345.0,81.29,1,0.07,0.593,0.8616,1814.0,1084.0
//ehv122,12,15,345.0,78.81,1,0.07,0.593,0.8616,1814.0,1084.0
//ehv123,8,34,345.0,171.52,1,0.07,0.593,0.8616,1814.0,1084.0
ehv124,83,91,345.0,33.17,1,0.07,0.593,0.8616,1814.0,1084.0
//ehv125,86,142,345.0,66.93,1,0.07,0.593,0.8616,1814.0,1084.0
ehv126,72,169,345.0,29.57,1,0.07,0.593,0.8616,1814.0,1084.0
ehv127,151,161,345.0,33.59,1,0.07,0.593,0.8616,1814.0,1084.0
//hv1,125,126,138.0,26.88,1,0.233,0.789,0.1039,655.0,157.0
//hv2,156,157,138.0,32.48,1,0.233,0.789,0.1039,655.0,157.0
//hv3,99,126,138.0,55.42,1,0.233,0.789,0.1039,655.0,157.0
//hv4,17,20,138.0,47.93,1,0.233,0.789,0.1039,655.0,157.0
hv5,106,111,138.0,22.89,2,0.233,0.789,0.1039,655.0,157.0
hv6,58,190,138.0,37.20,1,0.233,0.789,0.1039,655.0,157.0
hv7,41,158,138.0,24.87,1,0.233,0.789,0.1039,655.0,157.0
//hv8,57,163,138.0,24.66,1,0.233,0.789,0.1039,655.0,157.0
hv9,34,46,138.0,43.57,1,0.233,0.789,0.1039,655.0,157.0
//hv10,151,164,138.0,28.72,1,0.233,0.789,0.1039,655.0,157.0
//hv11,180,186,138.0,62.87,1,0.233,0.789,0.1039,655.0,157.0
hv12,41,160,138.0,22.97,1,0.233,0.789,0.1039,655.0,157.0
hv13,89,94,138.0,27.58,1,0.233,0.789,0.1039,655.0,157.0
//hv14,174,176,138.0,39.59,1,0.233,0.789,0.1039,655.0,157.0
hv15,119,195,138.0,38.12,1,0.233,0.789,0.1039,655.0,157.0
hv16,78,193,138.0,38.54,1,0.233,0.789,0.1039,655.0,157.0
//hv17,74,161,138.0,55.80,1,0.233,0.789,0.1039,655.0,157.0
hv18,162,164,138.0,28.02,1,0.233,0.789,0.1039,655.0,157.0
//hv19,143,150,138.0,28.50,1,0.233,0.789,0.1039,655.0,157.0
//hv20,26,54,138.0,39.04,1,0.233,0.789,0.1039,655.0,157.0
hv21,85,87,138.0,29.17,1,0.233,0.789,0.1039,655.0,157.0
hv22,99,129,138.0,34.72,2,0.233,0.789,0.1039,655.0,157.0
hv23,27,39,138.0,36.98,1,0.233,0.789,0.1039,655.0,157.0
//hv24,125,142,138.0,33.02,1,0.233,0.789,0.1039,655.0,157.0
hv25,99,103,138.0,36.94,2,0.233,0.789,0.1039,655.0,157.0
//hv26,167,189,138.0,53.49,1,0.233,0.789,0.1039,655.0,157.0
hv27,33,34,138.0,30.40,1,0.233,0.789,0.1039,655.0,157.0
hv28,88,93,138.0,29.10,1,0.233,0.789,0.1039,655.0,157.0
//hv29,44,160,138.0,33.40,1,0.233,0.789,0.1039,655.0,157.0
hv30,109,110,138.0,24.75,1,0.233,0.789,0.1039,655.0,157.0
//hv31,115,194,138.0,27.98,1,0.233,0.789,0.1039,655.0,157.0
//hv32,43,52,138.0,37.66,1,0.233,0.789,0.1039,655.0,157.0
//hv33,71,138,138.0,45.41,1,0.233,0.789,0.1039,655.0,157.0
hv34,42,67,138.0,38.54,1,0.233,0.789,0.1039,655.0,157.0
hv35,45,54,138.0,27.01,1,0.233,0.789,0.1039,655.0,157.0
hv36,69,73,138.0,44.79,1,0.233,0.789,0.1039,655.0,157.0
//hv37,170,177,138.0,46.31,1,0.233,0.789,0.1039,655.0,157.0
//hv38,83,90,138.0,43.39,1,0.233,0.789,0.1039,655.0,157.0
//hv39,6,14,138.0,44.89,1,0.233,0.789,0.1039,655.0,157.0
//hv40,82,87,138.0,28.03,1,0.233,0.789,0.1039,655.0,157.0
hv41,47,49,138.0,30.03,1,0.233,0.789,0.1039,655.0,157.0
hv42,72,74,138.0,27.42,2,0.233,0.789,0.1039,655.0,157.0
//hv43,66,128,138.0,33.23,1,0.233,0.789,0.1039,655.0,157.0
hv44,99,114,138.0,31.84,1,0.233,0.789,0.1039,655.0,157.0
//hv45,79,82,138.0,43.38,1,0.233,0.789,0.1039,655.0,157.0
//hv46,75,82,138.0,37.03,1,0.233,0.789,0.1039,655.0,157.0
hv47,51,126,138.0,28.55,1,0.233,0.789,0.1039,655.0,157.0
//hv48,43,45,138.0,33.12,1,0.233,0.789,0.1039,655.0,157.0
hv49,76,78,138.0,24.78,1,0.233,0.789,0.1039,655.0,157.0
//hv50,180,182,138.0,45.75,1,0.233,0.789,0.1039,655.0,157.0
hv51,73,136,138.0,52.66,1,0.233,0.789,0.1039,655.0,157.0
hv52,19,79,138.0,49.38,1,0.233,0.789,0.1039,655.0,157.0
hv53,50,51,138.0,26.97,1,0.233,0.789,0.1039,655.0,157.0
//hv54,146,149,138.0,43.54,1,0.233,0.789,0.1039,655.0,157.0
hv55,139,140,138.0,22.31,1,0.233,0.789,0.1039,655.0,157.0
hv56,2,7,138.0,34.23,1,0.233,0.789,0.1039,655.0,157.0
hv57,166,170,138.0,36.94,1,0.233,0.789,0.1039,655.0,157.0
hv58,21,55,138.0,33.86,1,0.233,0.789,0.1039,655.0,157.0
//hv59,123,196,138.0,87.32,1,0.233,0.789,0.1039,655.0,157.0
hv60,16,20,138.0,35.14,2,0.233,0.789,0.1039,655.0,157.0
hv61,41,44,138.0,29.84,1,0.233,0.789,0.1039,655.0,157.0
hv62,72,174,138.0,31.17,1,0.233,0.789,0.1039,655.0,157.0
//hv63,42,43,138.0,35.24,1,0.233,0.789,0.1039,655.0,157.0
//hv64,106,135,138.0,33.84,1,0.233,0.789,0.1039,655.0,157.0
//hv65,101,113,138.0,33.02,1,0.233,0.789,0.1039,655.0,157.0
//hv66,179,186,138.0,38.88,1,0.233,0.789,0.1039,655.0,157.0
//hv67,161,164,138.0,38.46,1,0.233,0.789,0.1039,655.0,157.0
//hv68,151,169,138.0,49.64,1,0.233,0.789,0.1039,655.0,157.0
hv69,55,85,138.0,35.95,1,0.233,0.789,0.1039,655.0,157.0
hv70,165,176,138.0,37.57,1,0.233,0.789,0.1039,655.0,157.0
//hv71,66,73,138.0,43.53,1,0.233,0.789,0.1039,655.0,157.0
hv72,152,155,138.0,27.12,1,0.233,0.789,0.1039,655.0,157.0
hv73,93,95,138.0,27.34,1,0.233,0.789,0.1039,655.0,157.0
hv74,153,154,138.0,29.03,1,0.233,0.789,0.1039,655.0,157.0
hv75,168,199,138.0,36.69,1,0.233,0.789,0.1039,655.0,157.0
hv76,171,178,138.0,29.08,1,0.233,0.789,0.1039,655.0,157.0
hv77,26,45,138.0,23.07,1,0.233,0.789,0.1039,655.0,157.0
hv78,167,168,138.0,28.26,1,0.233,0.789,0.1039,655.0,157.0
//hv79,98,100,138.0,45.70,1,0.233,0.789,0.1039,655.0,157.0
//hv80,59,64,138.0,31.54,1,0.233,0.789,0.1039,655.0,157.0
//hv81,172,181,138.0,41.57,1,0.233,0.789,0.1039,655.0,157.0
hv82,156,159,138.0,37.60,1,0.233,0.789,0.1039,655.0,157.0
hv83,6,18,138.0,22.14,1,0.233,0.789,0.1039,655.0,157.0
//hv84,95,103,138.0,37.99,1,0.233,0.789,0.1039,655.0,157.0
//hv85,157,158,138.0,41.09,1,0.233,0.789,0.1039,655.0,157.0
//hv86,106,109,138.0,36.01,1,0.233,0.789,0.1039,655.0,157.0
hv87,185,198,138.0,23.63,1,0.233,0.789,0.1039,655.0,157.0
//hv88,41,156,138.0,27.79,1,0.233,0.789,0.1039,655.0,157.0
hv89,144,147,138.0,33.61,1,0.233,0.789,0.1039,655.0,157.0
//hv90,89,92,138.0,26.41,1,0.233,0.789,0.1039,655.0,157.0
hv91,15,24,138.0,29.99,2,0.233,0.789,0.1039,655.0,157.0
//hv92,195,196,138.0,73.75,1,0.233,0.789,0.1039,655.0,157.0
hv93,3,4,138.0,36.70,1,0.233,0.789,0.1039,655.0,157.0
hv94,137,140,138.0,30.56,1,0.233,0.789,0.1039,655.0,157.0
//hv95,56,60,138.0,41.86,1,0.233,0.789,0.1039,655.0,157.0
hv96,5,6,138.0,33.36,1,0.233,0.789,0.1039,655.0,157.0
//hv97,6,21,138.0,42.66,1,0.233,0.789,0.1039,655.0,157.0
hv98,32,37,138.0,26.56,1,0.233,0.789,0.1039,655.0,157.0
//hv99,97,105,138.0,36.35,1,0.233,0.789,0.1039,655.0,157.0
hv100,107,110,138.0,51.83,1,0.233,0.789,0.1039,655.0,157.0
//hv101,61,67,138.0,45.60,1,0.233,0.789,0.1039,655.0,157.0
//hv102,59,63,138.0,30.52,1,0.233,0.789,0.1039,655.0,157.0
hv103,182,187,138.0,26.36,1,0.233,0.789,0.1039,655.0,157.0
hv104,10,12,138.0,32.21,1,0.233,0.789,0.1039,655.0,157.0
hv105,112,123,138.0,42.25,1,0.233,0.789,0.1039,655.0,157.0
hv106,76,81,138.0,37.61,1,0.233,0.789,0.1039,655.0,157.0
//hv107,42,65,138.0,35.18,1,0.233,0.789,0.1039,655.0,157.0
//hv108,45,52,138.0,39.15,1,0.233,0.789,0.1039,655.0,157.0
hv109,68,69,138.0,28.95,2,0.233,0.789,0.1039,655.0,157.0
hv110,120,122,138.0,38.70,2,0.233,0.789,0.1039,655.0,157.0
hv111,3,29,138.0,41.77,1,0.233,0.789,0.1039,655.0,157.0
hv112,194,195,138.0,36.66,1,0.233,0.789,0.1039,655.0,157.0
hv113,96,106,138.0,27.76,1,0.233,0.789,0.1039,655.0,157.0
//hv114,80,192,138.0,24.15,1,0.233,0.789,0.1039,655.0,157.0
hv115,47,51,138.0,35.20,1,0.233,0.789,0.1039,655.0,157.0
//hv116,166,177,138.0,63.20,1,0.233,0.789,0.1039,655.0,157.0
//hv117,19,20,138.0,33.86,1,0.233,0.789,0.1039,655.0,157.0
hv118,7,9,138.0,28.19,1,0.233,0.789,0.1039,655.0,157.0
//hv119,97,98,138.0,32.44,1,0.233,0.789,0.1039,655.0,157.0
hv120,131,133,138.0,32.70,1,0.233,0.789,0.1039,655.0,157.0
hv121,20,23,138.0,33.19,1,0.233,0.789,0.1039,655.0,157.0
//hv122,154,155,138.0,52.05,1,0.233,0.789,0.1039,655.0,157.0
hv123,132,134,138.0,22.78,1,0.233,0.789,0.1039,655.0,157.0
//hv124,60,190,138.0,29.65,1,0.233,0.789,0.1039,655.0,157.0
//hv125,11,32,138.0,91.77,1,0.233,0.789,0.1039,655.0,157.0
//hv126,72,169,138.0,29.57,1,0.233,0.789,0.1039,655.0,157.0
hv127,157,164,138.0,22.40,1,0.233,0.789,0.1039,655.0,157.0
hv128,136,141,138.0,39.66,1,0.233,0.789,0.1039,655.0,157.0
hv129,165,171,138.0,45.79,1,0.233,0.789,0.1039,655.0,157.0
//hv130,111,139,138.0,73.33,1,0.233,0.789,0.1039,655.0,157.0
//hv131,19,55,138.0,36.98,1,0.233,0.789,0.1039,655.0,157.0
//hv132,2,5,138.0,43.44,1,0.233,0.789,0.1039,655.0,157.0
//hv133,173,181,138.0,38.99,1,0.233,0.789,0.1039,655.0,157.0
hv134,122,123,138.0,37.78,2,0.233,0.789,0.1039,655.0,157.0
//hv135,21,53,138.0,31.99,1,0.233,0.789,0.1039,655.0,157.0
//hv136,46,158,138.0,21.96,1,0.233,0.789,0.1039,655.0,157.0
//hv137,52,53,138.0,36.11,1,0.233,0.789,0.1039,655.0,157.0
hv138,48,125,138.0,31.15,1,0.233,0.789,0.1039,655.0,157.0
//hv139,35,36,138.0,45.12,1,0.233,0.789,0.1039,655.0,157.0
hv140,147,149,138.0,34.46,1,0.233,0.789,0.1039,655.0,157.0
//hv141,75,77,138.0,22.17,1,0.233,0.789,0.1039,655.0,157.0
//hv142,148,150,138.0,36.59,1,0.233,0.789,0.1039,655.0,157.0
hv143,77,79,138.0,25.20,1,0.233,0.789,0.1039,655.0,157.0
//hv144,61,160,138.0,41.62,1,0.233,0.789,0.1039,655.0,157.0
hv145,58,126,138.0,44.90,1,0.233,0.789,0.1039,655.0,157.0
//hv146,64,69,138.0,50.50,1,0.233,0.789,0.1039,655.0,157.0
//hv147,19,86,138.0,29.17,1,0.233,0.789,0.1039,655.0,157.0
//hv148,44,61,138.0,37.79,1,0.233,0.789,0.1039,655.0,157.0
//hv149,183,184,138.0,41.15,1,0.233,0.789,0.1039,655.0,157.0
//hv150,110,118,138.0,26.58,1,0.233,0.789,0.1039,655.0,157.0
hv151,1,31,138.0,43.50,1,0.233,0.789,0.1039,655.0,157.0
//hv152,91,117,138.0,45.40,1,0.233,0.789,0.1039,655.0,157.0
hv153,81,192,138.0,29.10,1,0.233,0.789,0.1039,655.0,157.0
hv154,143,149,138.0,29.45,1,0.233,0.789,0.1039,655.0,157.0
//hv155,84,92,138.0,22.32,1,0.233,0.789,0.1039,655.0,157.0
//hv156,94,127,138.0,27.46,1,0.233,0.789,0.1039,655.0,157.0
hv157,172,183,138.0,27.80,1,0.233,0.789,0.1039,655.0,157.0
//hv158,176,178,138.0,49.28,1,0.233,0.789,0.1039,655.0,157.0
//hv159,6,16,138.0,38.91,1,0.233,0.789,0.1039,655.0,157.0
//hv160,152,169,138.0,47.70,1,0.233,0.789,0.1039,655.0,157.0
hv161,22,23,138.0,29.06,1,0.233,0.789,0.1039,655.0,157.0
//hv162,36,46,138.0,30.88,1,0.233,0.789,0.1039,655.0,157.0
//hv163,88,90,138.0,27.95,1,0.233,0.789,0.1039,655.0,157.0
hv164,8,9,138.0,31.79,1,0.233,0.789,0.1039,655.0,157.0
hv165,148,157,138.0,53.28,1,0.233,0.789,0.1039,655.0,157.0
hv166,120,195,138.0,40.27,2,0.233,0.789,0.1039,655.0,157.0
//hv167,144,149,138.0,51.76,1,0.233,0.789,0.1039,655.0,157.0
hv168,38,44,138.0,43.93,1,0.233,0.789,0.1039,655.0,157.0
hv169,39,41,138.0,33.99,1,0.233,0.789,0.1039,655.0,157.0
//hv170,92,94,138.0,31.25,1,0.233,0.789,0.1039,655.0,157.0
//hv171,12,13,138.0,65.35,1,0.233,0.789,0.1039,655.0,157.0
hv172,58,99,138.0,46.94,1,0.233,0.789,0.1039,655.0,157.0
//hv173,168,170,138.0,40.62,1,0.233,0.789,0.1039,655.0,157.0
hv174,143,146,138.0,21.90,1,0.233,0.789,0.1039,655.0,157.0
hv175,80,82,138.0,47.05,1,0.233,0.789,0.1039,655.0,157.0
//hv176,171,173,138.0,45.04,1,0.233,0.789,0.1039,655.0,157.0
//hv177,118,120,138.0,57.50,1,0.233,0.789,0.1039,655.0,157.0
//hv178,100,134,138.0,43.62,1,0.233,0.789,0.1039,655.0,157.0
hv179,57,63,138.0,33.66,1,0.233,0.789,0.1039,655.0,157.0
//hv180,47,52,138.0,32.25,1,0.233,0.789,0.1039,655.0,157.0
hv181,152,176,138.0,44.64,1,0.233,0.789,0.1039,655.0,157.0
hv182,58,60,138.0,45.08,1,0.233,0.789,0.1039,655.0,157.0
//hv183,4,53,138.0,58.32,1,0.233,0.789,0.1039,655.0,157.0
//hv184,56,129,138.0,38.62,1,0.233,0.789,0.1039,655.0,157.0
hv185,102,113,138.0,36.75,1,0.233,0.789,0.1039,655.0,157.0
hv186,66,133,138.0,54.44,1,0.233,0.789,0.1039,655.0,157.0
//hv187,34,37,138.0,28.90,1,0.233,0.789,0.1039,655.0,157.0
//hv188,182,185,138.0,45.65,1,0.233,0.789,0.1039,655.0,157.0
//hv189,156,164,138.0,35.58,1,0.233,0.789,0.1039,655.0,157.0
//hv190,38,39,138.0,44.98,1,0.233,0.789,0.1039,655.0,157.0
hv191,90,91,138.0,26.05,1,0.233,0.789,0.1039,655.0,157.0
//hv192,75,81,138.0,23.26,1,0.233,0.789,0.1039,655.0,157.0
hv193,144,162,138.0,40.88,1,0.233,0.789,0.1039,655.0,157.0
//hv194,154,162,138.0,28.15,1,0.233,0.789,0.1039,655.0,157.0
//hv195,49,55,138.0,30.22,1,0.233,0.789,0.1039,655.0,157.0
//hv196,64,73,138.0,51.53,1,0.233,0.789,0.1039,655.0,157.0
//hv197,115,119,138.0,33.91,1,0.233,0.789,0.1039,655.0,157.0
hv198,114,127,138.0,26.97,1,0.233,0.789,0.1039,655.0,157.0
//hv199,0,2,138.0,22.68,1,0.233,0.789,0.1039,655.0,157.0
hv200,50,52,138.0,26.21,1,0.233,0.789,0.1039,655.0,157.0
//hv201,191,193,138.0,75.09,1,0.233,0.789,0.1039,655.0,157.0
hv202,70,179,138.0,48.86,1,0.233,0.789,0.1039,655.0,157.0
//hv203,159,161,138.0,33.73,1,0.233,0.789,0.1039,655.0,157.0
//hv204,111,140,138.0,94.77,1,0.233,0.789,0.1039,655.0,157.0
hv205,146,150,138.0,31.09,1,0.233,0.789,0.1039,655.0,157.0
//hv206,116,121,138.0,39.63,1,0.233,0.789,0.1039,655.0,157.0
//hv207,51,190,138.0,40.97,1,0.233,0.789,0.1039,655.0,157.0
//hv208,120,124,138.0,49.45,1,0.233,0.789,0.1039,655.0,157.0
hv209,170,199,138.0,48.19,1,0.233,0.789,0.1039,655.0,157.0
hv210,116,194,138.0,31.06,2,0.233,0.789,0.1039,655.0,157.0
//hv211,28,29,138.0,35.67,1,0.233,0.789,0.1039,655.0,157.0
//hv212,173,186,138.0,44.69,1,0.233,0.789,0.1039,655.0,157.0
//hv213,30,31,138.0,34.42,1,0.233,0.789,0.1039,655.0,157.0
hv214,7,11,138.0,34.25,1,0.233,0.789,0.1039,655.0,157.0
hv215,16,17,138.0,45.52,1,0.233,0.789,0.1039,655.0,157.0
//hv216,40,46,138.0,41.08,1,0.233,0.789,0.1039,655.0,157.0
//hv217,63,68,138.0,36.14,1,0.233,0.789,0.1039,655.0,157.0
hv218,184,198,138.0,23.99,1,0.233,0.789,0.1039,655.0,157.0
hv219,42,44,138.0,42.55,1,0.233,0.789,0.1039,655.0,157.0
//hv220,157,162,138.0,35.38,1,0.233,0.789,0.1039,655.0,157.0
//hv221,144,153,138.0,23.81,1,0.233,0.789,0.1039,655.0,157.0
hv222,25,29,138.0,29.81,1,0.233,0.789,0.1039,655.0,157.0
//hv223,108,128,138.0,37.64,1,0.233,0.789,0.1039,655.0,157.0
//hv224,71,179,138.0,28.86,1,0.233,0.789,0.1039,655.0,157.0
hv225,56,67,138.0,42.45,1,0.233,0.789,0.1039,655.0,157.0
hv226,2,3,138.0,34.71,1,0.233,0.789,0.1039,655.0,157.0
//hv227,3,26,138.0,43.10,1,0.233,0.789,0.1039,655.0,157.0
hv228,50,190,138.0,29.00,1,0.233,0.789,0.1039,655.0,157.0
//hv229,119,120,138.0,26.29,1,0.233,0.789,0.1039,655.0,157.0
//hv230,128,129,138.0,24.93,1,0.233,0.789,0.1039,655.0,157.0
//hv231,84,87,138.0,46.61,1,0.233,0.789,0.1039,655.0,157.0
hv232,100,105,138.0,40.00,1,0.233,0.789,0.1039,655.0,157.0
//hv233,131,140,138.0,29.36,1,0.233,0.789,0.1039,655.0,157.0
hv234,104,108,138.0,26.99,1,0.233,0.789,0.1039,655.0,157.0
hv235,53,54,138.0,31.91,1,0.233,0.789,0.1039,655.0,157.0
//hv236,62,67,138.0,29.05,1,0.233,0.789,0.1039,655.0,157.0
hv237,125,127,138.0,30.87,1,0.233,0.789,0.1039,655.0,157.0
//hv238,30,40,138.0,41.73,1,0.233,0.789,0.1039,655.0,157.0
//hv239,28,40,138.0,32.02,1,0.233,0.789,0.1039,655.0,157.0
//hv240,17,21,138.0,22.57,1,0.233,0.789,0.1039,655.0,157.0
//hv241,106,110,138.0,25.95,1,0.233,0.789,0.1039,655.0,157.0
hv242,48,85,138.0,40.91,2,0.233,0.789,0.1039,655.0,157.0
hv243,122,196,138.0,50.07,1,0.233,0.789,0.1039,655.0,157.0
hv244,75,79,138.0,39.46,1,0.233,0.789,0.1039,655.0,157.0
hv245,109,118,138.0,31.17,3,0.233,0.789,0.1039,655.0,157.0
//hv246,78,81,138.0,39.01,1,0.233,0.789,0.1039,655.0,157.0
hv247,184,188,138.0,49.08,1,0.233,0.789,0.1039,655.0,157.0
hv248,38,43,138.0,43.75,1,0.233,0.789,0.1039,655.0,157.0
//hv249,145,157,138.0,56.91,1,0.233,0.789,0.1039,655.0,157.0
hv250,104,129,138.0,23.23,2,0.233,0.789,0.1039,655.0,157.0
//hv251,89,95,138.0,37.71,1,0.233,0.789,0.1039,655.0,157.0
//hv252,1,29,138.0,48.22,1,0.233,0.789,0.1039,655.0,157.0
hv253,36,158,138.0,32.66,1,0.233,0.789,0.1039,655.0,157.0
hv254,70,71,138.0,54.79,1,0.233,0.789,0.1039,655.0,157.0
hv255,116,117,138.0,31.59,1,0.233,0.789,0.1039,655.0,157.0
hv256,94,125,138.0,42.99,1,0.233,0.789,0.1039,655.0,157.0
hv257,105,107,138.0,26.94,1,0.233,0.789,0.1039,655.0,157.0
hv258,33,35,138.0,39.43,2,0.233,0.789,0.1039,655.0,157.0
//hv259,101,102,138.0,29.56,1,0.233,0.789,0.1039,655.0,157.0
//hv260,34,40,138.0,22.38,1,0.233,0.789,0.1039,655.0,157.0
hv261,8,11,138.0,33.48,1,0.233,0.789,0.1039,655.0,157.0
hv262,109,111,138.0,26.32,2,0.233,0.789,0.1039,655.0,157.0
//hv263,181,183,138.0,41.68,1,0.233,0.789,0.1039,655.0,157.0
hv264,113,116,138.0,41.56,2,0.233,0.789,0.1039,655.0,157.0
hv265,151,162,138.0,29.17,1,0.233,0.789,0.1039,655.0,157.0
//hv266,9,10,138.0,38.99,1,0.233,0.789,0.1039,655.0,157.0
//hv267,145,150,138.0,27.79,1,0.233,0.789,0.1039,655.0,157.0
//hv268,62,63,138.0,26.95,1,0.233,0.789,0.1039,655.0,157.0
hv269,175,179,138.0,37.10,1,0.233,0.789,0.1039,655.0,157.0
//hv270,112,120,138.0,58.68,1,0.233,0.789,0.1039,655.0,157.0
//hv271,151,152,138.0,40.21,1,0.233,0.789,0.1039,655.0,157.0
//hv272,83,117,138.0,76.21,1,0.233,0.789,0.1039,655.0,157.0
hv273,48,49,138.0,23.30,1,0.233,0.789,0.1039,655.0,157.0
hv274,69,74,138.0,36.62,2,0.233,0.789,0.1039,655.0,157.0
hv275,13,14,138.0,45.18,2,0.233,0.789,0.1039,655.0,157.0
//hv276,83,91,138.0,33.17,1,0.233,0.789,0.1039,655.0,157.0
hv277,80,84,138.0,34.77,1,0.233,0.789,0.1039,655.0,157.0
hv278,171,175,138.0,23.29,1,0.233,0.789,0.1039,655.0,157.0
//hv279,74,159,138.0,62.00,1,0.233,0.789,0.1039,655.0,157.0
//hv280,57,61,138.0,35.17,1,0.233,0.789,0.1039,655.0,157.0
hv281,82,86,138.0,44.22,2,0.233,0.789,0.1039,655.0,157.0
//hv282,86,87,138.0,37.90,1,0.233,0.789,0.1039,655.0,157.0
hv283,94,142,138.0,43.05,1,0.233,0.789,0.1039,655.0,157.0
//hv284,34,35,138.0,58.04,1,0.233,0.789,0.1039,655.0,157.0
//hv285,121,194,138.0,33.73,1,0.233,0.789,0.1039,655.0,157.0
//hv286,130,133,138.0,35.66,1,0.233,0.789,0.1039,655.0,157.0
hv287,84,142,138.0,28.74,1,0.233,0.789,0.1039,655.0,157.0
hv288,103,105,138.0,45.06,1,0.233,0.789,0.1039,655.0,157.0
//hv289,134,135,138.0,24.65,1,0.233,0.789,0.1039,655.0,157.0
hv290,180,181,138.0,42.66,1,0.233,0.789,0.1039,655.0,157.0
//hv291,76,77,138.0,26.64,1,0.233,0.789,0.1039,655.0,157.0
hv292,136,138,138.0,55.60,3,0.233,0.789,0.1039,655.0,157.0
hv293,25,26,138.0,37.12,2,0.233,0.789,0.1039,655.0,157.0
hv294,49,53,138.0,44.99,1,0.233,0.789,0.1039,655.0,157.0
hv295,115,121,138.0,29.51,1,0.233,0.789,0.1039,655.0,157.0
hv296,159,163,138.0,22.10,1,0.233,0.789,0.1039,655.0,157.0
hv297,27,28,138.0,34.19,1,0.233,0.789,0.1039,655.0,157.0
//hv298,2,6,138.0,51.72,1,0.233,0.789,0.1039,655.0,157.0
hv299,29,30,138.0,33.34,2,0.233,0.789,0.1039,655.0,157.0
//hv300,96,110,138.0,42.84,1,0.233,0.789,0.1039,655.0,157.0
//hv301,177,189,138.0,74.06,1,0.233,0.789,0.1039,655.0,157.0
hv302,122,124,138.0,33.55,1,0.233,0.789,0.1039,655.0,157.0
//hv303,131,137,138.0,31.35,1,0.233,0.789,0.1039,655.0,157.0
hv304,98,108,138.0,34.82,1,0.233,0.789,0.1039,655.0,157.0
//hv305,172,189,138.0,47.91,1,0.233,0.789,0.1039,655.0,157.0
hv306,27,40,138.0,34.25,1,0.233,0.789,0.1039,655.0,157.0
//hv307,95,127,138.0,40.02,1,0.233,0.789,0.1039,655.0,157.0
//hv308,17,18,138.0,31.35,1,0.233,0.789,0.1039,655.0,157.0
//hv309,77,193,138.0,52.48,1,0.233,0.789,0.1039,655.0,157.0
hv310,112,118,138.0,34.54,1,0.233,0.789,0.1039,655.0,157.0
hv311,61,163,138.0,25.64,2,0.233,0.789,0.1039,655.0,157.0
//hv312,15,16,138.0,36.70,1,0.233,0.789,0.1039,655.0,157.0
hv313,64,66,138.0,28.39,1,0.233,0.789,0.1039,655.0,157.0
//hv314,19,85,138.0,37.81,1,0.233,0.789,0.1039,655.0,157.0
hv315,108,130,138.0,42.20,1,0.233,0.789,0.1039,655.0,157.0
//hv316,110,115,138.0,55.04,1,0.233,0.789,0.1039,655.0,157.0
//hv317,69,70,138.0,56.29,1,0.233,0.789,0.1039,655.0,157.0
//hv318,22,79,138.0,80.77,1,0.233,0.789,0.1039,655.0,157.0
hv319,36,145,138.0,31.10,1,0.233,0.789,0.1039,655.0,157.0
//hv320,152,154,138.0,35.33,1,0.233,0.789,0.1039,655.0,157.0
hv321,87,142,138.0,29.12,1,0.233,0.789,0.1039,655.0,157.0
//hv322,153,155,138.0,66.12,1,0.233,0.789,0.1039,655.0,157.0
//hv323,171,179,138.0,49.62,1,0.233,0.789,0.1039,655.0,157.0
//hv324,100,107,138.0,48.98,1,0.233,0.789,0.1039,655.0,157.0
hv325,98,103,138.0,40.58,1,0.233,0.789,0.1039,655.0,157.0
hv326,156,158,138.0,26.66,1,0.233,0.789,0.1039,655.0,157.0
//hv327,48,87,138.0,43.93,1,0.233,0.789,0.1039,655.0,157.0
hv328,147,153,138.0,37.62,1,0.233,0.789,0.1039,655.0,157.0
hv329,180,187,138.0,37.68,1,0.233,0.789,0.1039,655.0,157.0
//hv330,89,93,138.0,26.14,1,0.233,0.789,0.1039,655.0,157.0
hv331,169,174,138.0,31.98,1,0.233,0.789,0.1039,655.0,157.0
//hv332,134,139,138.0,30.96,1,0.233,0.789,0.1039,655.0,157.0
//hv333,39,44,138.0,35.46,1,0.233,0.789,0.1039,655.0,157.0
//hv334,170,173,138.0,58.91,1,0.233,0.789,0.1039,655.0,157.0
//hv335,119,194,138.0,33.05,1,0.233,0.789,0.1039,655.0,157.0
hv336,169,176,138.0,24.06,1,0.233,0.789,0.1039,655.0,157.0
//hv337,74,174,138.0,41.71,1,0.233,0.789,0.1039,655.0,157.0
hv338,181,199,138.0,36.64,1,0.233,0.789,0.1039,655.0,157.0
//hv339,71,73,138.0,44.60,1,0.233,0.789,0.1039,655.0,157.0
//hv340,137,141,138.0,52.54,1,0.233,0.789,0.1039,655.0,157.0
//hv341,4,6,138.0,34.33,1,0.233,0.789,0.1039,655.0,157.0
hv342,85,86,138.0,25.90,1,0.233,0.789,0.1039,655.0,157.0
hv343,56,59,138.0,27.87,1,0.233,0.789,0.1039,655.0,157.0
//hv344,5,7,138.0,38.33,1,0.233,0.789,0.1039,655.0,157.0
//hv345,27,38,138.0,28.16,1,0.233,0.789,0.1039,655.0,157.0
hv346,76,193,138.0,34.22,1,0.233,0.789,0.1039,655.0,157.0
//hv347,72,161,138.0,37.23,1,0.233,0.789,0.1039,655.0,157.0
hv348,61,62,138.0,28.48,2,0.233,0.789,0.1039,655.0,157.0
hv349,182,186,138.0,96.10,1,0.233,0.789,0.1039,655.0,157.0
//hv350,133,141,138.0,23.41,1,0.233,0.789,0.1039,655.0,157.0
//hv351,103,114,138.0,30.85,1,0.233,0.789,0.1039,655.0,157.0
hv352,145,148,138.0,30.58,1,0.233,0.789,0.1039,655.0,157.0
//hv353,155,176,138.0,51.23,1,0.233,0.789,0.1039,655.0,157.0
hv354,90,92,138.0,27.08,1,0.233,0.789,0.1039,655.0,157.0
//hv355,35,146,138.0,64.64,1,0.233,0.789,0.1039,655.0,157.0
//hv356,161,169,138.0,46.49,1,0.233,0.789,0.1039,655.0,157.0
hv357,151,154,138.0,39.18,1,0.233,0.789,0.1039,655.0,157.0
//hv358,48,51,138.0,40.83,1,0.233,0.789,0.1039,655.0,157.0
hv359,159,164,138.0,51.20,1,0.233,0.789,0.1039,655.0,157.0
//hv360,100,130,138.0,46.61,1,0.233,0.789,0.1039,655.0,157.0
//hv361,47,48,138.0,36.97,1,0.233,0.789,0.1039,655.0,157.0
//hv362,166,176,138.0,49.39,1,0.233,0.789,0.1039,655.0,157.0
//hv363,82,84,138.0,38.21,1,0.233,0.789,0.1039,655.0,157.0
//hv364,93,102,138.0,29.39,1,0.233,0.789,0.1039,655.0,157.0
//hv365,167,181,138.0,46.89,1,0.233,0.789,0.1039,655.0,157.0
hv366,78,191,138.0,36.69,2,0.233,0.789,0.1039,655.0,157.0
//hv367,20,22,138.0,43.69,1,0.233,0.789,0.1039,655.0,157.0
hv368,3,54,138.0,57.84,2,0.233,0.789,0.1039,655.0,157.0
hv369,30,34,138.0,39.21,1,0.233,0.789,0.1039,655.0,157.0
hv370,185,187,138.0,22.29,1,0.233,0.789,0.1039,655.0,157.0
//hv371,130,131,138.0,30.74,1,0.233,0.789,0.1039,655.0,157.0
//hv372,126,127,138.0,31.99,1,0.233,0.789,0.1039,655.0,157.0
//hv373,156,160,138.0,27.46,1,0.233,0.789,0.1039,655.0,157.0
//hv374,160,163,138.0,30.67,1,0.233,0.789,0.1039,655.0,157.0
hv375,189,197,138.0,88.08,1,0.233,0.789,0.1039,655.0,157.0
hv376,175,186,138.0,42.17,1,0.233,0.789,0.1039,655.0,157.0
//hv377,180,183,138.0,57.33,1,0.233,0.789,0.1039,655.0,157.0
hv378,14,16,138.0,39.02,1,0.233,0.789,0.1039,655.0,157.0
hv379,88,113,138.0,45.18,1,0.233,0.789,0.1039,655.0,157.0
//hv380,167,199,138.0,24.64,1,0.233,0.789,0.1039,655.0,157.0
hv381,81,191,138.0,36.82,1,0.233,0.789,0.1039,655.0,157.0
//hv382,108,133,138.0,33.22,1,0.233,0.789,0.1039,655.0,157.0
//hv383,1,7,138.0,44.92,1,0.233,0.789,0.1039,655.0,157.0
//hv384,56,64,138.0,36.16,1,0.233,0.789,0.1039,655.0,157.0
hv385,2,4,138.0,37.40,1,0.233,0.789,0.1039,655.0,157.0
hv386,5,9,138.0,43.27,1,0.233,0.789,0.1039,655.0,157.0
//hv387,3,25,138.0,29.48,1,0.233,0.789,0.1039,655.0,157.0
hv388,118,119,138.0,47.04,1,0.233,0.789,0.1039,655.0,157.0
hv389,57,68,138.0,28.80,1,0.233,0.789,0.1039,655.0,157.0
hv390,131,139,138.0,36.70,1,0.233,0.789,0.1039,655.0,157.0
hv391,97,100,138.0,28.20,1,0.233,0.789,0.1039,655.0,157.0
hv392,173,199,138.0,34.09,1,0.233,0.789,0.1039,655.0,157.0
//hv393,30,37,138.0,28.63,1,0.233,0.789,0.1039,655.0,157.0
hv394,63,64,138.0,23.61,1,0.233,0.789,0.1039,655.0,157.0
//hv395,107,115,138.0,47.80,1,0.233,0.789,0.1039,655.0,157.0
hv396,31,32,138.0,22.70,1,0.233,0.789,0.1039,655.0,157.0
//hv397,106,132,138.0,41.14,1,0.233,0.789,0.1039,655.0,157.0
hv398,57,159,138.0,40.92,1,0.233,0.789,0.1039,655.0,157.0
//hv399,148,149,138.0,48.10,1,0.233,0.789,0.1039,655.0,157.0
//hv400,89,90,138.0,29.65,1,0.233,0.789,0.1039,655.0,157.0
//hv401,48,142,138.0,47.71,1,0.233,0.789,0.1039,655.0,157.0
//hv402,20,79,138.0,63.85,1,0.233,0.789,0.1039,655.0,157.0
hv403,0,29,138.0,32.68,2,0.233,0.789,0.1039,655.0,157.0
hv404,183,185,138.0,62.20,1,0.233,0.789,0.1039,655.0,157.0
hv405,70,174,138.0,31.76,1,0.233,0.789,0.1039,655.0,157.0
//hv406,68,74,138.0,23.07,1,0.233,0.789,0.1039,655.0,157.0
hv407,13,24,138.0,37.39,1,0.233,0.789,0.1039,655.0,157.0
hv408,22,77,138.0,91.53,1,0.233,0.789,0.1039,655.0,157.0
hv409,188,189,138.0,34.63,1,0.233,0.789,0.1039,655.0,157.0
hv410,173,175,138.0,29.10,1,0.233,0.789,0.1039,655.0,157.0
//hv411,137,138,138.0,73.54,1,0.233,0.789,0.1039,655.0,157.0
//hv412,80,90,138.0,45.13,1,0.233,0.789,0.1039,655.0,157.0
//hv413,59,67,138.0,23.42,1,0.233,0.789,0.1039,655.0,157.0
hv414,132,139,138.0,32.42,2,0.233,0.789,0.1039,655.0,157.0
//hv415,81,82,138.0,43.54,1,0.233,0.789,0.1039,655.0,157.0
//hv416,95,102,138.0,37.06,1,0.233,0.789,0.1039,655.0,157.0
//hv417,102,103,138.0,49.51,1,0.233,0.789,0.1039,655.0,157.0
hv418,88,89,138.0,26.70,1,0.233,0.789,0.1039,655.0,157.0
hv419,101,121,138.0,26.84,1,0.233,0.789,0.1039,655.0,157.0
hv420,66,141,138.0,43.06,1,0.233,0.789,0.1039,655.0,157.0
//hv421,144,148,138.0,44.43,1,0.233,0.789,0.1039,655.0,157.0
//hv422,151,161,138.0,33.59,1,0.233,0.789,0.1039,655.0,157.0
//hv423,42,61,138.0,41.30,1,0.233,0.789,0.1039,655.0,157.0
//hv424,39,46,138.0,29.58,1,0.233,0.789,0.1039,655.0,157.0
//hv425,65,67,138.0,36.32,1,0.233,0.789,0.1039,655.0,157.0
//hv426,170,171,138.0,50.30,1,0.233,0.789,0.1039,655.0,157.0
//hv427,58,129,138.0,36.40,1,0.233,0.789,0.1039,655.0,157.0
hv428,43,65,138.0,25.77,1,0.233,0.789,0.1039,655.0,157.0
//hv429,94,95,138.0,33.52,1,0.233,0.789,0.1039,655.0,157.0
hv430,111,132,138.0,44.54,2,0.233,0.789,0.1039,655.0,157.0
hv431,1,11,138.0,26.56,1,0.233,0.789,0.1039,655.0,157.0
hv432,80,81,138.0,29.35,1,0.233,0.789,0.1039,655.0,157.0
//hv433,93,113,138.0,43.27,1,0.233,0.789,0.1039,655.0,157.0
//hv434,84,90,138.0,41.02,1,0.233,0.789,0.1039,655.0,157.0
hv435,47,53,138.0,35.49,1,0.233,0.789,0.1039,655.0,157.0
//hv436,99,104,138.0,39.35,1,0.233,0.789,0.1039,655.0,157.0
hv437,59,62,138.0,25.56,1,0.233,0.789,0.1039,655.0,157.0
hv438,56,128,138.0,25.57,3,0.233,0.789,0.1039,655.0,157.0
//hv439,34,36,138.0,54.86,1,0.233,0.789,0.1039,655.0,157.0
hv440,79,86,138.0,29.27,1,0.233,0.789,0.1039,655.0,157.0
hv441,130,134,138.0,34.63,1,0.233,0.789,0.1039,655.0,157.0
//hv442,9,14,138.0,62.38,1,0.233,0.789,0.1039,655.0,157.0
//hv443,43,190,138.0,40.18,1,0.233,0.789,0.1039,655.0,157.0
//hv444,10,13,138.0,97.19,1,0.233,0.789,0.1039,655.0,157.0
hv445,14,15,138.0,32.40,1,0.233,0.789,0.1039,655.0,157.0
//hv446,114,126,138.0,47.69,1,0.233,0.789,0.1039,655.0,157.0
hv447,0,1,138.0,40.91,1,0.233,0.789,0.1039,655.0,157.0
//hv448,70,178,138.0,24.67,1,0.233,0.789,0.1039,655.0,157.0
hv449,120,123,138.0,48.35,1,0.233,0.789,0.1039,655.0,157.0
hv450,138,179,138.0,40.81,1,0.233,0.789,0.1039,655.0,157.0
//hv451,5,14,138.0,34.90,1,0.233,0.789,0.1039,655.0,157.0
//hv452,96,107,138.0,31.65,1,0.233,0.789,0.1039,655.0,157.0
hv453,60,65,138.0,24.33,1,0.233,0.789,0.1039,655.0,157.0
//hv454,66,108,138.0,46.21,1,0.233,0.789,0.1039,655.0,157.0
//hv455,47,50,138.0,26.12,1,0.233,0.789,0.1039,655.0,157.0
hv456,4,21,138.0,44.53,1,0.233,0.789,0.1039,655.0,157.0
//hv457,26,38,138.0,39.81,1,0.233,0.789,0.1039,655.0,157.0
hv458,132,135,138.0,23.58,1,0.233,0.789,0.1039,655.0,157.0
//hv459,30,32,138.0,25.31,1,0.233,0.789,0.1039,655.0,157.0
hv460,95,114,138.0,31.18,1,0.233,0.789,0.1039,655.0,157.0
//hv461,101,107,138.0,26.18,1,0.233,0.789,0.1039,655.0,157.0
//hv462,148,162,138.0,59.86,1,0.233,0.789,0.1039,655.0,157.0
//hv463,63,69,138.0,47.13,1,0.233,0.789,0.1039,655.0,157.0
hv464,92,142,138.0,38.17,1,0.233,0.789,0.1039,655.0,157.0
//hv465,17,55,138.0,23.51,1,0.233,0.789,0.1039,655.0,157.0
hv466,177,197,138.0,97.36,1,0.233,0.789,0.1039,655.0,157.0
//hv467,73,141,138.0,35.02,1,0.233,0.789,0.1039,655.0,157.0
hv468,124,196,138.0,25.96,3,0.233,0.789,0.1039,655.0,157.0
//hv469,165,170,138.0,42.51,1,0.233,0.789,0.1039,655.0,157.0
hv470,15,23,138.0,22.14,2,0.233,0.789,0.1039,655.0,157.0
//hv471,11,31,138.0,69.36,1,0.233,0.789,0.1039,655.0,157.0
//hv472,168,189,138.0,63.32,1,0.233,0.789,0.1039,655.0,157.0
hv473,56,66,138.0,36.99,1,0.233,0.789,0.1039,655.0,157.0
//hv474,138,186,138.0,37.13,1,0.233,0.789,0.1039,655.0,157.0
//hv475,111,112,138.0,69.28,1,0.233,0.789,0.1039,655.0,157.0
//hv476,57,74,138.0,44.55,1,0.233,0.789,0.1039,655.0,157.0
hv477,52,54,138.0,32.48,1,0.233,0.789,0.1039,655.0,157.0
//hv478,131,141,138.0,49.76,1,0.233,0.789,0.1039,655.0,157.0
hv479,167,172,138.0,26.88,1,0.233,0.789,0.1039,655.0,157.0
hv480,48,126,138.0,41.17,1,0.233,0.789,0.1039,655.0,157.0
//hv481,98,104,138.0,31.56,1,0.233,0.789,0.1039,655.0,157.0
hv482,53,55,138.0,37.29,1,0.233,0.789,0.1039,655.0,157.0
//hv483,16,23,138.0,36.06,1,0.233,0.789,0.1039,655.0,157.0
hv484,18,21,138.0,28.47,1,0.233,0.789,0.1039,655.0,157.0
//hv485,23,24,138.0,23.62,1,0.233,0.789,0.1039,655.0,157.0
hv486,75,76,138.0,26.12,4,0.233,0.789,0.1039,655.0,157.0
hv487,174,178,138.0,29.51,1,0.233,0.789,0.1039,655.0,157.0
hv488,38,42,138.0,39.94,1,0.233,0.789,0.1039,655.0,157.0
hv489,104,128,138.0,23.86,3,0.233,0.789,0.1039,655.0,157.0
hv490,155,166,138.0,67.59,1,0.233,0.789,0.1039,655.0,157.0
hv491,124,195,138.0,50.58,3,0.233,0.789,0.1039,655.0,157.0
//hv492,183,187,138.0,65.79,1,0.233,0.789,0.1039,655.0,157.0
//hv493,36,157,138.0,48.93,1,0.233,0.789,0.1039,655.0,157.0
hv494,143,148,138.0,33.86,1,0.233,0.789,0.1039,655.0,157.0
hv495,51,58,138.0,37.94,1,0.233,0.789,0.1039,655.0,157.0
//hv496,98,99,138.0,39.72,1,0.233,0.789,0.1039,655.0,157.0
hv497,83,192,138.0,26.94,1,0.233,0.789,0.1039,655.0,157.0
//hv498,183,198,138.0,50.74,1,0.233,0.789,0.1039,655.0,157.0
hv499,65,190,138.0,22.98,1,0.233,0.789,0.1039,655.0,157.0
//hv500,32,33,138.0,46.99,1,0.233,0.789,0.1039,655.0,157.0
//hv501,88,91,138.0,33.76,1,0.233,0.789,0.1039,655.0,157.0
hv502,8,10,138.0,30.88,1,0.233,0.789,0.1039,655.0,157.0
//hv503,109,112,138.0,43.37,1,0.233,0.789,0.1039,655.0,157.0
//hv504,113,117,138.0,36.21,1,0.233,0.789,0.1039,655.0,157.0
//hv505,9,11,138.0,43.86,1,0.233,0.789,0.1039,655.0,157.0
hv506,60,129,138.0,59.16,1,0.233,0.789,0.1039,655.0,157.0
hv507,38,45,138.0,41.44,1,0.233,0.789,0.1039,655.0,157.0
hv508,43,50,138.0,48.33,1,0.233,0.789,0.1039,655.0,157.0
//hv509,35,145,138.0,36.25,1,0.233,0.789,0.1039,655.0,157.0
hv510,71,136,138.0,61.34,2,0.233,0.789,0.1039,655.0,157.0
//hv511,39,40,138.0,33.01,1,0.233,0.789,0.1039,655.0,157.0
hv512,12,14,138.0,57.61,2,0.233,0.789,0.1039,655.0,157.0
hv513,165,166,138.0,24.74,1,0.233,0.789,0.1039,655.0,157.0
//hv514,13,15,138.0,30.05,1,0.233,0.789,0.1039,655.0,157.0
hv515,168,177,138.0,28.04,1,0.233,0.789,0.1039,655.0,157.0
hv516,80,83,138.0,33.86,1,0.233,0.789,0.1039,655.0,157.0
hv517,100,135,138.0,37.16,1,0.233,0.789,0.1039,655.0,157.0
//hv518,57,62,138.0,33.97,1,0.233,0.789,0.1039,655.0,157.0
hv519,33,37,138.0,22.30,1,0.233,0.789,0.1039,655.0,157.0
//hv520,4,54,138.0,50.15,1,0.233,0.789,0.1039,655.0,157.0
hv521,9,12,138.0,36.67,1,0.233,0.789,0.1039,655.0,157.0
hv522,35,150,138.0,38.32,1,0.233,0.789,0.1039,655.0,157.0
hv523,136,137,138.0,26.26,3,0.233,0.789,0.1039,655.0,157.0
//hv524,25,27,138.0,42.33,1,0.233,0.789,0.1039,655.0,157.0
hv525,115,118,138.0,50.29,1,0.233,0.789,0.1039,655.0,157.0
//hv526,98,130,138.0,47.80,1,0.233,0.789,0.1039,655.0,157.0
//hv527,0,3,138.0,28.51,1,0.233,0.789,0.1039,655.0,157.0
hv528,159,160,138.0,25.31,2,0.233,0.789,0.1039,655.0,157.0
//hv529,191,192,138.0,21.85,1,0.233,0.789,0.1039,655.0,157.0
hv530,1,2,138.0,52.72,1,0.233,0.789,0.1039,655.0,157.0
hv531,28,30,138.0,25.20,1,0.233,0.789,0.1039,655.0,157.0
//hv532,116,195,138.0,50.27,1,0.233,0.789,0.1039,655.0,157.0
//hv533,70,74,138.0,51.80,1,0.233,0.789,0.1039,655.0,157.0
hv534,29,31,138.0,32.48,1,0.233,0.789,0.1039,655.0,157.0
//hv535,60,67,138.0,22.63,1,0.233,0.789,0.1039,655.0,157.0
//hv536,131,134,138.0,44.72,1,0.233,0.789,0.1039,655.0,157.0
hv537,97,103,138.0,23.46,1,0.233,0.789,0.1039,655.0,157.0
//hv538,172,188,138.0,42.19,1,0.233,0.789,0.1039,655.0,157.0
hv539,16,18,138.0,27.90,2,0.233,0.789,0.1039,655.0,157.0
hv540,101,105,138.0,29.91,1,0.233,0.789,0.1039,655.0,157.0
hv541,102,105,138.0,29.82,1,0.233,0.789,0.1039,655.0,157.0
//hv542,83,191,138.0,42.25,1,0.233,0.789,0.1039,655.0,157.0
//hv543,181,186,138.0,62.53,1,0.233,0.789,0.1039,655.0,157.0
hv544,22,24,138.0,24.64,1,0.233,0.789,0.1039,655.0,157.0
hv545,17,19,138.0,33.83,1,0.233,0.789,0.1039,655.0,157.0
hv546,41,46,138.0,34.56,1,0.233,0.789,0.1039,655.0,157.0
//hv547,101,115,138.0,42.91,1,0.233,0.789,0.1039,655.0,157.0
//hv548,49,85,138.0,31.67,1,0.233,0.789,0.1039,655.0,157.0
hv549,113,121,138.0,23.43,1,0.233,0.789,0.1039,655.0,157.0
hv550,144,154,138.0,38.37,1,0.233,0.789,0.1039,655.0,157.0
hv551,88,117,138.0,41.50,1,0.233,0.789,0.1039,655.0,157.0
//hv552,25,28,138.0,27.11,1,0.233,0.789,0.1039,655.0,157.0
hv553,26,27,138.0,39.69,1,0.233,0.789,0.1039,655.0,157.0
//hv554,70,171,138.0,38.32,1,0.233,0.789,0.1039,655.0,157.0
//hv555,183,188,138.0,43.92,1,0.233,0.789,0.1039,655.0,157.0
//hv556,69,71,138.0,52.40,1,0.233,0.789,0.1039,655.0,157.0
//hv557,165,178,138.0,32.83,1,0.233,0.789,0.1039,655.0,157.0
//hv558,96,135,138.0,24.75,1,0.233,0.789,0.1039,655.0,157.0
hv559,96,100,138.0,38.08,1,0.233,0.789,0.1039,655.0,157.0
