bus,lon,lat,load,gen,diff,caps
0,-96.85,33.02,5267.95,132.00,5135.95,1000.0
1,-96.62,33.58,328.92,803.20,474.28,75.0
2,-96.54,32.82,2377.94,3123.30,745.36,500.0
3,-97.11,32.67,6355.57,3902.80,2452.77,1200.0
4,-96.67,32.29,289.72,418.00,128.28,0.0
5,-95.84,32.6,77.77,0.00,77.77,0.0
6,-96.1,32.17,129.17,239.30,110.13,0.0
7,-96.07,33.12,208.82,109.90,98.92,40.0
8,-95.58,33.65,99.00,1373.90,1274.90,0.0
9,-95.59,33.19,52.59,0.00,52.59,0.0
10,-95.06,33.54,25.54,0.00,25.54,5.0
11,-96.16,33.61,37.76,0.00,37.76,8.0
12,-94.97,33.08,61.96,3096.00,3034.04,10.0
13,-94.59,32.19,70.49,3319.20,3248.71,10.0
14,-95.35,32.31,371.72,0.00,371.72,150.0
15,-95.01,31.94,76.88,703.40,626.52,10.0
16,-95.61,31.79,69.38,0.00,69.38,0.0
17,-96.25,31.42,30.61,1849.80,1819.19,0.0
18,-96.08,31.85,29.77,2222.80,2193.03,0.0
19,-95.92,31.02,32.39,0.00,32.39,0.0
20,-95.45,31.3,39.00,0.00,39.00,0.0
21,-96.51,31.66,61.60,0.00,61.60,0.0
22,-94.71,31.3,140.97,0.00,140.97,30.0
23,-95.03,31.62,8.50,0.00,8.50,0.0
24,-94.63,31.65,92.76,0.00,92.76,0.0
25,-97.57,32.85,611.88,0.00,611.88,120.0
26,-97.73,32.33,324.80,3501.00,3176.20,0.0
27,-98.27,32.68,108.46,366.00,257.54,0.0
28,-97.94,33.09,50.23,2036.40,1986.17,0.0
29,-97.35,33.24,161.35,0.00,161.35,30.0
30,-97.87,33.45,39.52,0.00,39.52,0.0
31,-97.36,33.71,62.47,238.10,175.63,0.0
32,-97.74,33.8,11.85,0.00,11.85,0.0
33,-98.55,33.9,255.97,80.00,175.97,50.0
34,-98.55,33.46,21.46,646.60,625.14,0.0
35,-99.19,34.11,33.25,1085.40,1052.15,0.0
36,-99.5,33.51,16.92,530.00,513.08,0.0
37,-98.2,33.76,8.98,0.00,8.98,0.0
38,-98.41,32.29,125.73,60.00,65.73,30.0
39,-98.89,32.8,22.55,0.00,22.55,0.0
40,-98.49,33.14,56.34,1014.70,958.36,0.0
41,-99.46,32.69,6.17,365.60,359.43,0.0
42,-98.79,31.81,123.40,200.10,76.70,25.0
43,-98.21,31.68,18.71,0.00,18.71,10.0
44,-99.16,32.34,27.31,0.00,27.31,5.0
45,-97.79,32.0,27.64,5.00,22.64,5.0
46,-99.2,33.14,3.71,0.00,3.71,0.0
47,-97.33,31.06,333.83,1606.40,1272.57,0.0
48,-97.08,30.57,91.23,1252.10,1160.87,0.0
49,-96.88,30.86,21.74,0.00,21.74,0.0
50,-97.77,31.09,606.22,0.00,606.22,0.0
51,-97.75,30.7,179.93,0.00,179.93,30.0
52,-97.63,31.45,92.67,0.00,92.67,0.0
53,-97.02,31.5,553.42,1008.00,454.58,0.0
54,-97.36,31.86,93.21,807.00,713.79,0.0
55,-96.52,31.17,19.77,2144.60,2124.83,0.0
56,-99.28,30.72,11.11,0.00,11.11,0.0
57,-100.05,31.69,23.92,0.00,23.92,0.0
58,-98.37,30.57,121.65,565.60,443.95,0.0
59,-99.4,31.11,17.39,0.00,17.39,20.0
60,-98.76,31.13,12.48,0.00,12.48,0.0
61,-99.49,31.87,14.99,0.00,14.99,0.0
62,-99.54,31.46,1.88,0.00,1.88,0.0
63,-99.9,31.22,7.55,0.00,7.55,0.0
64,-99.86,30.88,4.84,0.00,4.84,0.0
65,-98.47,31.38,12.49,150.00,137.51,0.0
66,-99.83,30.47,9.50,0.00,9.50,0.0
67,-99.08,31.31,3.55,0.00,3.55,0.0
68,-100.45,31.45,257.85,0.00,257.85,60.0
69,-100.68,31.08,11.56,150.00,138.44,0.0
70,-101.6,31.29,6.29,2.00,4.29,0.0
71,-101.3,30.54,6.85,0.00,6.85,0.0
72,-101.02,31.95,6.67,1342.60,1335.93,0.0
73,-100.56,30.44,9.90,0.00,9.90,5.0
74,-100.8,31.6,0.73,0.00,0.73,0.0
75,-95.51,29.81,8105.63,663.60,7442.03,1200.0
76,-95.08,29.75,1553.10,9616.60,8063.50,300.0
77,-95.31,30.08,1402.71,0.00,1402.71,250.0
78,-94.99,29.4,1004.98,1502.10,497.12,200.0
79,-95.55,30.38,470.70,542.80,72.10,80.0
80,-96.06,29.29,141.90,580.10,438.20,0.0
81,-95.63,29.49,759.08,4667.70,3908.62,0.0
82,-96.1,29.97,151.92,0.00,151.92,30.0
83,-96.05,28.8,82.13,2708.60,2626.47,0.0
84,-96.54,29.57,19.19,51.00,31.81,0.0
85,-96.4,30.66,341.25,155.10,186.15,60.0
86,-95.97,30.6,44.68,1393.20,1348.52,0.0
87,-96.45,30.24,75.06,0.00,75.06,0.0
88,-97.11,28.77,207.64,1188.90,981.26,0.0
89,-97.19,29.15,43.42,0.00,43.42,8.0
90,-96.73,29.0,26.66,0.00,26.66,0.0
91,-96.57,28.65,58.02,1230.50,1172.48,0.0
92,-96.84,29.38,15.48,0.00,15.48,0.0
93,-97.55,28.94,12.94,0.00,12.94,0.0
94,-97.33,29.53,47.83,0.00,47.83,8.0
95,-97.8,29.27,20.23,0.00,20.23,0.0
96,-99.14,28.37,9.25,0.00,9.25,0.0
97,-98.75,29.19,109.84,10.60,99.24,20.0
98,-99.05,29.58,68.58,0.00,68.58,10.0
99,-98.5,29.9,137.04,0.00,137.04,25.0
100,-99.1,28.92,30.66,267.60,236.94,0.0
101,-98.19,28.37,16.93,0.00,16.93,0.0
102,-97.99,28.76,33.19,0.00,33.19,5.0
103,-98.42,29.37,3710.33,4797.50,1087.17,500.0
104,-99.14,30.03,120.96,0.00,120.96,20.0
105,-98.48,28.72,41.43,410.00,368.57,0.0
106,-99.4,28.04,3.42,0.00,3.42,0.0
107,-98.62,28.35,1.16,0.00,1.16,0.0
108,-99.54,29.85,19.22,0.00,19.22,3.0
109,-99.44,27.52,356.61,0.00,356.61,70.0
110,-99.13,27.75,1.19,0.00,1.19,0.0
111,-99.69,27.83,100.84,0.00,100.84,20.0
112,-99.17,26.94,24.93,0.00,24.93,5.0
113,-97.65,28.32,76.32,0.00,76.32,15.0
114,-98.04,29.67,411.14,3017.40,2606.26,80.0
115,-98.23,27.75,75.95,0.00,75.95,15.0
116,-97.35,27.78,664.69,3743.80,3079.11,0.0
117,-97.08,28.17,45.10,0.00,45.10,9.0
118,-98.95,27.4,12.30,769.70,757.40,0.0
119,-98.2,27.26,20.16,0.00,20.16,0.0
120,-98.22,26.88,0.80,0.00,0.80,0.0
121,-97.91,28.07,33.58,0.00,33.58,5.0
122,-98.21,26.32,1449.14,1936.70,487.56,250.0
123,-98.81,26.42,111.46,400.00,288.54,20.0
124,-97.67,26.36,218.47,604.60,386.13,40.0
125,-97.27,30.15,123.49,1218.00,1094.51,0.0
126,-97.69,30.29,2965.90,1930.90,1035.00,500.0
127,-97.63,29.83,78.95,0.00,78.95,15.0
128,-99.29,30.35,6.44,0.00,6.44,0.0
129,-98.88,30.28,51.39,0.00,51.39,10.0
130,-99.76,29.27,61.78,100.00,38.22,10.0
131,-100.27,29.27,9.09,139.40,130.31,0.0
132,-99.89,28.45,16.91,0.00,16.91,0.0
133,-100.07,29.71,3.69,0.00,3.69,0.0
134,-99.8,28.77,21.54,0.00,21.54,3.0
135,-99.51,28.52,1.45,0.00,1.45,0.0
136,-100.88,29.73,114.68,0.00,114.68,50.0
137,-100.78,29.36,0.80,0.00,0.80,0.0
138,-101.75,30.01,0.15,0.00,0.15,0.0
139,-100.31,28.74,98.17,0.00,98.17,40.0
140,-100.59,28.95,1.82,0.00,1.82,0.3
141,-100.29,29.99,3.98,0.00,3.98,0.8
142,-96.78,29.93,70.94,1690.00,1619.06,0.0
143,-100.29,34.44,13.51,0.00,13.51,2.0
144,-101.05,33.79,10.66,407.00,396.34,0.0
145,-99.77,33.9,2.61,0.00,2.61,0.0
146,-100.07,34.7,0.29,0.00,0.29,0.0
147,-101.3,34.23,15.11,909.80,894.69,0.0
148,-100.3,33.95,3.26,0.00,3.26,0.0
149,-100.8,34.51,1.37,0.00,1.37,0.0
150,-99.82,34.3,5.95,0.00,5.95,0.0
151,-100.98,32.81,38.24,711.40,673.16,0.0
152,-101.67,32.86,28.97,767.20,738.23,0.0
153,-101.45,33.7,7.20,30.00,22.80,0.0
154,-101.34,33.29,11.83,0.00,11.83,2.0
155,-102.13,32.93,0.51,0.00,0.51,0.0
156,-99.92,32.8,30.17,0.00,30.17,5.0
157,-100.25,33.18,2.51,0.00,2.51,0.0
158,-99.56,33.04,8.96,100.00,91.04,0.0
159,-100.11,32.28,16.16,1793.50,1777.34,0.0
160,-99.72,32.44,334.72,200.00,134.72,60.0
161,-100.67,32.4,62.57,1517.00,1454.43,12.0
162,-100.86,33.22,1.38,0.00,1.38,0.0
163,-99.89,32.02,11.81,0.00,11.81,0.0
164,-100.51,32.94,7.56,30.00,22.44,0.0
165,-102.31,31.86,507.79,1703.20,1195.41,100.0
166,-102.66,32.06,27.95,152.50,124.55,0.0
167,-103.72,31.02,1.75,0.00,1.75,0.0
168,-103.62,31.42,24.54,0.00,24.54,0.0
169,-101.43,32.2,62.76,707.50,644.74,12.0
170,-102.96,31.59,32.60,0.00,32.60,5.0
171,-102.24,31.2,14.19,353.00,338.81,0.0
172,-103.96,30.69,3.96,0.00,3.96,0.0
173,-102.79,30.75,24.69,0.00,24.69,5.0
174,-101.49,31.74,1.79,207.20,205.41,0.0
175,-102.32,30.87,2.53,698.00,695.47,0.0
176,-101.84,32.23,8.22,120.00,111.78,0.0
177,-103.7,31.82,0.21,0.00,0.21,0.0
178,-101.92,31.52,0.43,0.00,0.43,0.0
179,-101.78,30.6,0.56,0.00,0.56,0.0
180,-103.22,29.82,15.17,0.00,15.17,3.0
181,-103.33,30.43,0.05,0.00,0.05,0.0
182,-103.28,29.16,0.37,0.00,0.37,0.0
183,-104.01,30.29,4.64,0.00,4.64,0.0
184,-104.52,29.89,9.53,0.00,9.53,2.0
185,-103.99,29.39,0.19,0.00,0.19,0.0
186,-102.3,30.26,1.72,0.00,1.72,0.0
187,-103.62,29.4,1.48,0.00,1.48,0.0
188,-104.66,30.59,0.39,0.00,0.39,0.0
189,-104.62,31.09,4.33,0.00,4.33,0.0
190,-98.26,31.1,27.37,0.00,27.37,5.0
191,-95.39,29.0,250.45,1361.00,1110.55,50.0
192,-95.74,29.08,46.46,0.00,46.46,9.0
193,-94.51,29.77,34.61,0.00,34.61,5.0
194,-97.81,27.59,111.06,0.00,111.06,20.0
195,-97.61,27.09,3.50,873.80,870.30,0.0
196,-97.47,26.03,551.50,240.00,311.50,100.0
197,-105.29,32.23,1.37,0.00,1.37,0.0
198,-104.3,29.6,0.00,10.00,10.00,0.0
199,-103.31,30.96,0.00,190.20,190.20,0.0
