importer,external_module,type,line
code.generate_case,os,import,8
code.generate_case,prepare_case_glm_dsot,import,10
code.generate_case,pyjson5,import,6
code.generate_case,sys,import,7
code.plots,matplotlib,import,6
code.plots,matplotlib.pyplot,import,7
code.plots,os,import,5
code.plots,process_gld_dsot,import,8
code.plots,sys,import,4
code.prep_substation_recs,datetime,from,11
code.prep_substation_recs,json,import,8
code.prep_substation_recs,math,import,9
code.prep_substation_recs,numpy,import,13
code.prep_substation_recs,os,import,10
code.prepare_case_glm_dsot,datetime,import,55
code.prepare_case_glm_dsot,json,import,52
code.prepare_case_glm_dsot,os,import,50
code.prepare_case_glm_dsot,pandas,import,56
code.prepare_case_glm_dsot,prep_substation_recs,import,88
code.prepare_case_glm_dsot,pyjson5,import,53
code.prepare_case_glm_dsot,shutil,import,54
code.prepare_case_glm_dsot,sys,import,51
code.run_annual_postprocessing,datetime,from,3
code.run_annual_postprocessing,json,import,1
code.run_annual_postprocessing,numpy,import,6
code.run_annual_postprocessing,os,import,2
code.run_annual_postprocessing,os.path,from,4
code.run_annual_postprocessing,pandas,import,8
code.run_annual_postprocessing,shutil,import,5
code.run_case_postprocessing,datetime,from,4
code.run_case_postprocessing,joblib,from,5
code.run_case_postprocessing,os,import,1
code.run_case_postprocessing,os.path,from,2
code.validate_glm,json,import,3
code.validate_glm,os,import,1
code.validate_glm,pandas,import,2
code.validate_glm,shutil,import,4
code.verify_GLM,matplotlib.pyplot,import,7
code.verify_GLM,numpy,import,8
code.verify_GLM,os,import,6
tesp_support._commands,pathlib,from,2
tesp_support._commands,sys,import,1
tesp_support.api.bench_profile,cProfile,import,11
tesp_support.api.bench_profile,io,import,12
tesp_support.api.bench_profile,logging,import,13
tesp_support.api.bench_profile,os,from,1
tesp_support.api.bench_profile,pstats,import,14
tesp_support.api.bench_profile,resource,import,15
tesp_support.api.bench_profile,sys,from,16
tesp_support.api.data,argparse,import,9
tesp_support.api.data,importlib_resources,from,8
tesp_support.api.data,os,from,7
tesp_support.api.data,subprocess,import,10
tesp_support.api.entity,pyjson5,import,7
tesp_support.api.entity,sqlite3,import,8
tesp_support.api.gld_feeder_generator,filecmp,import,2596
tesp_support.api.gld_feeder_generator,json,import,126
tesp_support.api.gld_feeder_generator,logging,import,124
tesp_support.api.gld_feeder_generator,math,import,125
tesp_support.api.gld_feeder_generator,numpy,import,129
tesp_support.api.gld_feeder_generator,os,import,127
tesp_support.api.gld_feeder_generator,pandas,from,131
tesp_support.api.gld_feeder_generator,pandas,import,130
tesp_support.api.gridpiq,datetime,from,11
tesp_support.api.gridpiq,json,import,10
tesp_support.api.helpers,json,import,8
tesp_support.api.helpers,logging,import,7
tesp_support.api.helpers,numpy,from,10
tesp_support.api.helpers,pyomo.opt,from,117
tesp_support.api.helpers,scipy.stats,from,9
tesp_support.api.make_ems,csv,import,10
tesp_support.api.make_ems,datetime,from,12
tesp_support.api.make_ems,re,import,11
tesp_support.api.metrics_api,logging,import,6
tesp_support.api.metrics_api,pandas,import,5
tesp_support.api.metrics_base_api,logging,import,7
tesp_support.api.metrics_base_api,numpy,import,6
tesp_support.api.metrics_base_api,pandas,import,5
tesp_support.api.metrics_collector,collections,import,7
tesp_support.api.metrics_collector,itertools,import,8
tesp_support.api.metrics_collector,json,import,9
tesp_support.api.metrics_collector,numpy,import,12
tesp_support.api.metrics_collector,os.path,import,10
tesp_support.api.metrics_collector,pandas,import,13
tesp_support.api.model_GLM,matplotlib.lines,from,13
tesp_support.api.model_GLM,matplotlib.pyplot,import,12
tesp_support.api.model_GLM,networkx,import,14
tesp_support.api.model_GLM,os.path,import,8
tesp_support.api.model_GLM,pyjson5,import,7
tesp_support.api.model_GLM,re,import,9
tesp_support.api.model_GLM,sqlite3,import,10
tesp_support.api.modify_GLM,math,import,4
tesp_support.api.modify_GLM,numpy,import,6
tesp_support.api.parse_helpers,math,import,5
tesp_support.api.parse_helpers,re,import,6
tesp_support.api.player,datetime,import,5
tesp_support.api.player,helics,import,8
tesp_support.api.player,json,import,6
tesp_support.api.player,numpy,import,9
tesp_support.api.process_eplus,json,import,12
tesp_support.api.process_eplus,logging,import,11
tesp_support.api.process_eplus,matplotlib.pyplot,import,16
tesp_support.api.process_eplus,numpy,import,15
tesp_support.api.process_eplus,os,import,13
tesp_support.api.process_gld,json,import,11
tesp_support.api.process_gld,logging,import,10
tesp_support.api.process_gld,matplotlib.pyplot,import,15
tesp_support.api.process_gld,numpy,import,14
tesp_support.api.process_gld,os,import,12
tesp_support.api.process_houses,json,import,11
tesp_support.api.process_houses,logging,import,10
tesp_support.api.process_houses,matplotlib.pyplot,import,15
tesp_support.api.process_houses,numpy,import,14
tesp_support.api.process_houses,os,import,12
tesp_support.api.process_inv,json,import,11
tesp_support.api.process_inv,logging,import,10
tesp_support.api.process_inv,matplotlib.pyplot,import,15
tesp_support.api.process_inv,numpy,import,14
tesp_support.api.process_inv,os,import,12
tesp_support.api.process_pypower,json,import,11
tesp_support.api.process_pypower,logging,import,10
tesp_support.api.process_pypower,matplotlib.pyplot,import,15
tesp_support.api.process_pypower,numpy,import,14
tesp_support.api.process_pypower,os,import,12
tesp_support.api.process_voltages,json,import,11
tesp_support.api.process_voltages,logging,import,10
tesp_support.api.process_voltages,matplotlib.pyplot,import,15
tesp_support.api.process_voltages,numpy,import,14
tesp_support.api.process_voltages,os,import,12
tesp_support.api.recs_api,duckdb,import,6
tesp_support.api.recs_api,pandas,import,4
tesp_support.api.recs_api,random,import,7
tesp_support.api.recs_api,sqlite3,import,5
tesp_support.api.recs_gld_house_parameters,json,import,1
tesp_support.api.recs_gld_house_parameters,math,import,2
tesp_support.api.recs_gld_house_parameters,numpy,import,6
tesp_support.api.recs_gld_house_parameters,os,import,3
tesp_support.api.recs_gld_house_parameters,pandas,import,7
tesp_support.api.recs_gld_house_parameters,warnings,import,4
tesp_support.api.schedule_client,multiprocessing.managers,from,14
tesp_support.api.schedule_server,json,import,18
tesp_support.api.schedule_server,multiprocessing.managers,from,23
tesp_support.api.schedule_server,numpy,import,19
tesp_support.api.schedule_server,pandas,from,21
tesp_support.api.schedule_server,pandas,import,20
tesp_support.api.store,csv,import,8
tesp_support.api.store,h5py,import,10
tesp_support.api.store,json,import,9
tesp_support.api.store,numpy,import,13
tesp_support.api.store,os,import,6
tesp_support.api.store,pandas,import,12
tesp_support.api.store,re,import,7
tesp_support.api.store,sqlite3,import,11
tesp_support.api.store,zipfile,import,14
tesp_support.api.substation,datetime,from,18
tesp_support.api.substation,datetime,from,19
tesp_support.api.substation,helics,import,17
tesp_support.api.substation,json,import,16
tesp_support.api.test_runner,os,import,15
tesp_support.api.test_runner,subprocess,import,17
tesp_support.api.test_runner,time,import,16
tesp_support.api.time_helpers,numpy,import,7
tesp_support.api.tso_PYPOWER,copy,from,15
tesp_support.api.tso_PYPOWER,helics,import,11
tesp_support.api.tso_PYPOWER,json,import,10
tesp_support.api.tso_PYPOWER,math,from,14
tesp_support.api.tso_PYPOWER,numpy,import,12
tesp_support.api.tso_PYPOWER,pypower.api,import,13
tesp_support.api.tso_helpers,copy,from,18
tesp_support.api.tso_helpers,json,import,16
tesp_support.api.tso_helpers,numpy,import,20
tesp_support.api.tso_helpers,os,import,17
tesp_support.api.tso_psst,bisect,import,9
tesp_support.api.tso_psst,copy,from,17
tesp_support.api.tso_psst,csv,import,10
tesp_support.api.tso_psst,datetime,from,18
tesp_support.api.tso_psst,gridpiq,from,1088
tesp_support.api.tso_psst,helics,import,16
tesp_support.api.tso_psst,json,import,8
tesp_support.api.tso_psst,logging,import,11
tesp_support.api.tso_psst,math,import,7
tesp_support.api.tso_psst,numpy,import,12
tesp_support.api.tso_psst,os,import,5
tesp_support.api.tso_psst,pandas,import,13
tesp_support.api.tso_psst,psst.cli,import,15
tesp_support.api.tso_psst,pypower.api,import,14
tesp_support.api.tso_psst,sys,import,6
tesp_support.consensus.case_merge,json,import,14
tesp_support.consensus.case_merge,os,from,15
tesp_support.consensus.dg_agent,datetime,from,12
tesp_support.consensus.dg_agent,helics,import,14
tesp_support.consensus.dg_agent,joblib,from,16
tesp_support.consensus.dg_agent,json,import,10
tesp_support.consensus.dg_agent,numpy,import,15
tesp_support.consensus.dg_agent,time,import,11
tesp_support.consensus.dso_agent,datetime,from,13
tesp_support.consensus.dso_agent,helics,import,15
tesp_support.consensus.dso_agent,joblib,from,17
tesp_support.consensus.dso_agent,json,import,11
tesp_support.consensus.dso_agent,numpy,import,16
tesp_support.consensus.dso_agent,time,import,12
tesp_support.consensus.dso_market,copy,from,15
tesp_support.consensus.dso_market,json,import,13
tesp_support.consensus.dso_market,math,import,14
tesp_support.consensus.dso_market,matplotlib.pyplot,import,689
tesp_support.consensus.dso_market,numpy,import,17
tesp_support.consensus.forecasting,copy,from,13
tesp_support.consensus.forecasting,datetime,from,14
tesp_support.consensus.forecasting,math,from,15
tesp_support.consensus.forecasting,math,from,16
tesp_support.consensus.forecasting,math,import,10
tesp_support.consensus.forecasting,matplotlib.pyplot,import,616
tesp_support.consensus.forecasting,numpy,import,19
tesp_support.consensus.forecasting,pandas,import,20
tesp_support.consensus.forecasting,pyglm,from,18
tesp_support.consensus.forecasting,pytz,import,21
tesp_support.consensus.forecasting,re,import,11
tesp_support.consensus.forecasting,time,import,12
tesp_support.consensus.generator,helics,import,5
tesp_support.consensus.generator,json,import,1
tesp_support.consensus.generator,logging,import,2
tesp_support.consensus.generator,numpy,import,6
tesp_support.consensus.generator,numpy.matlib,import,7
tesp_support.consensus.generator,os,import,3
tesp_support.consensus.generator,scipy.interpolate,from,8
tesp_support.consensus.glm_dictionary,json,import,18
tesp_support.consensus.glm_dictionary,math,import,19
tesp_support.consensus.glm_dictionary,os,import,17
tesp_support.consensus.microgrid,helics,import,5
tesp_support.consensus.microgrid,json,import,1
tesp_support.consensus.microgrid,logging,import,2
tesp_support.consensus.microgrid,numpy,import,6
tesp_support.consensus.microgrid,numpy.matlib,import,7
tesp_support.consensus.microgrid,os,import,3
tesp_support.consensus.microgrid,scipy.interpolate,from,8
tesp_support.consensus.microgrid_agent,copy,from,13
tesp_support.consensus.microgrid_agent,datetime,from,14
tesp_support.consensus.microgrid_agent,helics,import,17
tesp_support.consensus.microgrid_agent,joblib,from,20
tesp_support.consensus.microgrid_agent,json,import,11
tesp_support.consensus.microgrid_agent,numpy,import,18
tesp_support.consensus.microgrid_agent,pandas,import,19
tesp_support.consensus.microgrid_agent,time,import,12
tesp_support.consensus.residential_feeder_glm,json,import,35
tesp_support.consensus.residential_feeder_glm,math,from,42
tesp_support.consensus.residential_feeder_glm,networkx,import,39
tesp_support.consensus.residential_feeder_glm,numpy,import,40
tesp_support.consensus.residential_feeder_glm,os.path,import,36
tesp_support.consensus.residential_feeder_glm,pandas,import,41
tesp_support.consensus.residential_feeder_glm,re,import,37
tesp_support.consensus.residential_feeder_glm,sys,import,38
tesp_support.consensus.retail_market,copy,from,31
tesp_support.consensus.retail_market,logging,import,30
tesp_support.consensus.retail_market,matplotlib.pyplot,import,680
tesp_support.consensus.retail_market,numpy,import,33
tesp_support.consensus.substation,helics,import,5
tesp_support.consensus.substation,json,import,1
tesp_support.consensus.substation,logging,import,2
tesp_support.consensus.substation,numpy,import,6
tesp_support.consensus.substation,numpy.matlib,import,7
tesp_support.consensus.substation,os,import,3
tesp_support.consensus.substation,scipy.interpolate,from,8
tesp_support.consensus.weather_agent,datetime,from,8
tesp_support.consensus.weather_agent,datetime,from,9
tesp_support.consensus.weather_agent,helics,import,20
tesp_support.consensus.weather_agent,json,import,5
tesp_support.consensus.weather_agent,numpy,import,18
tesp_support.consensus.weather_agent,os,import,6
tesp_support.consensus.weather_agent,pandas,import,11
tesp_support.consensus.weather_agent,random,import,17
tesp_support.consensus.weather_agent,scipy.stats,from,19
tesp_support.consensus.weather_agent,sys,import,7
tesp_support.dsot.Wh_Energy_Purchases,datetime,import,14
tesp_support.dsot.Wh_Energy_Purchases,json,import,15
tesp_support.dsot.Wh_Energy_Purchases,numpy,import,18
tesp_support.dsot.Wh_Energy_Purchases,os,import,16
tesp_support.dsot.Wh_Energy_Purchases,pandas,import,19
tesp_support.dsot.balance_sheet_functions,json,import,8
tesp_support.dsot.balance_sheet_functions,os,import,9
tesp_support.dsot.battery_agent,copy,from,22
tesp_support.dsot.battery_agent,math,from,23
tesp_support.dsot.battery_agent,matplotlib.pyplot,import,607
tesp_support.dsot.battery_agent,numpy,import,25
tesp_support.dsot.battery_agent,pyomo.environ,import,26
tesp_support.dsot.battery_agent,time,import,606
tesp_support.dsot.case_comparison_plots,datetime,from,5
tesp_support.dsot.case_comparison_plots,matplotlib,import,9
tesp_support.dsot.case_comparison_plots,matplotlib.pyplot,import,8
tesp_support.dsot.case_comparison_plots,numpy,import,10
tesp_support.dsot.case_comparison_plots,os,import,4
tesp_support.dsot.case_comparison_plots,pandas,import,11
tesp_support.dsot.case_comparison_plots,seaborn,import,12
tesp_support.dsot.case_comparison_plots,waterfall_chart,import,7
tesp_support.dsot.case_merge,json,import,14
tesp_support.dsot.case_merge,os,from,15
tesp_support.dsot.case_merge,os,import,269
tesp_support.dsot.customer_CFS,json,import,9
tesp_support.dsot.customer_CFS,os,import,10
tesp_support.dsot.dso_CFS,numpy,import,10
tesp_support.dsot.dso_CFS,pandas,import,11
tesp_support.dsot.dso_helper_functions,itertools,import,8
tesp_support.dsot.dso_helper_functions,math,import,9
tesp_support.dsot.dso_helper_functions,pandas,import,10
tesp_support.dsot.dso_map,csv,import,5
tesp_support.dsot.dso_map,json,import,6
tesp_support.dsot.dso_map,pandas,import,8
tesp_support.dsot.dso_map,requests,import,9
tesp_support.dsot.dso_market,copy,from,15
tesp_support.dsot.dso_market,json,import,13
tesp_support.dsot.dso_market,math,import,14
tesp_support.dsot.dso_market,matplotlib.pyplot,import,862
tesp_support.dsot.dso_market,numpy,import,17
tesp_support.dsot.dso_quadratic_curves,json,import,7
tesp_support.dsot.dso_quadratic_curves,logging,import,8
tesp_support.dsot.dso_quadratic_curves,matplotlib.pyplot,import,160
tesp_support.dsot.dso_quadratic_curves,numpy,import,10
tesp_support.dsot.dso_quadratic_curves,pandas,import,11
tesp_support.dsot.dso_rate_making,json,import,7
tesp_support.dsot.dso_rate_making,logging,import,10
tesp_support.dsot.dso_rate_making,numpy,import,13
tesp_support.dsot.dso_rate_making,os,import,8
tesp_support.dsot.dso_rate_making,os.path,from,11
tesp_support.dsot.dso_rate_making,pandas,import,14
tesp_support.dsot.dso_rate_making,sys,import,9
tesp_support.dsot.dso_rate_making,tqdm,from,15
tesp_support.dsot.ev_agent,copy,from,24
tesp_support.dsot.ev_agent,datetime,from,25
tesp_support.dsot.ev_agent,math,from,26
tesp_support.dsot.ev_agent,matplotlib.pyplot,import,832
tesp_support.dsot.ev_agent,numpy,import,28
tesp_support.dsot.ev_agent,pyomo.environ,import,29
tesp_support.dsot.ev_agent,time,import,831
tesp_support.dsot.forecasting,copy,from,16
tesp_support.dsot.forecasting,datetime,from,17
tesp_support.dsot.forecasting,math,from,18
tesp_support.dsot.forecasting,math,import,13
tesp_support.dsot.forecasting,numpy,import,21
tesp_support.dsot.forecasting,pandas,import,22
tesp_support.dsot.forecasting,pyglm,from,20
tesp_support.dsot.forecasting,pytz,import,23
tesp_support.dsot.forecasting,re,import,14
tesp_support.dsot.forecasting,time,import,15
tesp_support.dsot.gen_map,json,import,4
tesp_support.dsot.gen_map,xlrd,import,6
tesp_support.dsot.generator_balance_sheet_func,json,import,9
tesp_support.dsot.generator_balance_sheet_func,os,import,8
tesp_support.dsot.glm_dictionary,json,import,18
tesp_support.dsot.glm_dictionary,math,import,19
tesp_support.dsot.glm_dictionary,math,import,588
tesp_support.dsot.glm_dictionary,os,import,17
tesp_support.dsot.helpers_dsot,copy,from,11
tesp_support.dsot.helpers_dsot,enum,from,12
tesp_support.dsot.helpers_dsot,numpy,import,14
tesp_support.dsot.helpers_dsot,os,from,10
tesp_support.dsot.helpers_dsot,platform,import,8
tesp_support.dsot.helpers_dsot,subprocess,import,9
tesp_support.dsot.hvac_agent,datetime,from,10
tesp_support.dsot.hvac_agent,math,from,11
tesp_support.dsot.hvac_agent,math,from,12
tesp_support.dsot.hvac_agent,math,import,9
tesp_support.dsot.hvac_agent,numpy,import,14
tesp_support.dsot.hvac_agent,pulp,import,15
tesp_support.dsot.hvac_agent,pyomo.environ,import,16
tesp_support.dsot.hvac_agent,pytz,import,17
tesp_support.dsot.hvac_agent,scipy,from,18
tesp_support.dsot.load_less_solar,argparse,import,16
tesp_support.dsot.load_less_solar,datetime,import,23
tesp_support.dsot.load_less_solar,enum,from,21
tesp_support.dsot.load_less_solar,logging,import,17
tesp_support.dsot.load_less_solar,matplotlib.pyplot,import,24
tesp_support.dsot.load_less_solar,openpyxl,import,25
tesp_support.dsot.load_less_solar,os,import,19
tesp_support.dsot.load_less_solar,pathlib,from,22
tesp_support.dsot.load_less_solar,pprint,import,18
tesp_support.dsot.load_less_solar,sys,import,20
tesp_support.dsot.map_results,cartopy.crs,import,9
tesp_support.dsot.map_results,cartopy.feature,import,10
tesp_support.dsot.map_results,cartopy.io.shapereader,import,11
tesp_support.dsot.map_results,datetime,from,6
tesp_support.dsot.map_results,matplotlib,import,12
tesp_support.dsot.map_results,matplotlib.pyplot,import,13
tesp_support.dsot.map_results,networkx,import,14
tesp_support.dsot.map_results,numpy,import,15
tesp_support.dsot.map_results,os,import,4
tesp_support.dsot.map_results,os.path,from,7
tesp_support.dsot.map_results,warnings,import,5
tesp_support.dsot.plots,bisect,import,15
tesp_support.dsot.plots,copy,import,4
tesp_support.dsot.plots,datetime,from,8
tesp_support.dsot.plots,h5py,import,10
tesp_support.dsot.plots,json,import,5
tesp_support.dsot.plots,math,import,6
tesp_support.dsot.plots,matplotlib.pyplot,import,11
tesp_support.dsot.plots,numpy,import,12
tesp_support.dsot.plots,os,import,7
tesp_support.dsot.plots,pandas,import,13
tesp_support.dsot.plots,re,import,16
tesp_support.dsot.plots,seaborn,import,14
tesp_support.dsot.pv_agent,datetime,from,9
tesp_support.dsot.pv_agent,numpy,import,8
tesp_support.dsot.residential_feeder_glm,json,import,37
tesp_support.dsot.residential_feeder_glm,math,from,41
tesp_support.dsot.residential_feeder_glm,networkx,import,43
tesp_support.dsot.residential_feeder_glm,numpy,import,44
tesp_support.dsot.residential_feeder_glm,os.path,import,38
tesp_support.dsot.residential_feeder_glm,pandas,import,45
tesp_support.dsot.residential_feeder_glm,re,import,39
tesp_support.dsot.residential_feeder_glm,sys,import,40
tesp_support.dsot.retail_market,copy,from,31
tesp_support.dsot.retail_market,logging,import,30
tesp_support.dsot.retail_market,matplotlib.pyplot,import,738
tesp_support.dsot.retail_market,numpy,import,33
tesp_support.dsot.sankey,matplotlib,import,7
tesp_support.dsot.sankey,os.path,from,5
tesp_support.dsot.sankey,pandas,import,8
tesp_support.dsot.sankey,plotly.graph_objects,import,9
tesp_support.dsot.solar,PySAM.Pvwattsv7,import,57
tesp_support.dsot.solar,argparse,import,45
tesp_support.dsot.solar,datetime,import,46
tesp_support.dsot.solar,json,import,47
tesp_support.dsot.solar,logging,import,48
tesp_support.dsot.solar,math,import,49
tesp_support.dsot.solar,matplotlib.pyplot,import,58
tesp_support.dsot.solar,numpy,import,59
tesp_support.dsot.solar,openpyxl,import,60
tesp_support.dsot.solar,os,import,50
tesp_support.dsot.solar,pandas,import,61
tesp_support.dsot.solar,pathlib,from,55
tesp_support.dsot.solar,pprint,import,51
tesp_support.dsot.solar,random,import,52
tesp_support.dsot.solar,requests,import,62
tesp_support.dsot.solar,sys,import,53
tesp_support.dsot.solar,time,import,54
tesp_support.dsot.substation,copy,from,16
tesp_support.dsot.substation,datetime,from,15
tesp_support.dsot.substation,helics,import,14
tesp_support.dsot.substation,joblib,from,17
tesp_support.dsot.substation,json,import,12
tesp_support.dsot.substation,numpy,import,13
tesp_support.dsot.substation,time,import,11
tesp_support.dsot.substation_f,copy,from,15
tesp_support.dsot.substation_f,datetime,from,14
tesp_support.dsot.substation_f,joblib,from,16
tesp_support.dsot.substation_f,json,import,12
tesp_support.dsot.substation_f,numpy,import,13
tesp_support.dsot.substation_f,time,import,11
tesp_support.dsot.tesp_monitor,api.helpers,from,44
tesp_support.dsot.tesp_monitor,api.parse_helpers,from,43
tesp_support.dsot.tesp_monitor,ast,import,618
tesp_support.dsot.tesp_monitor,datetime,from,42
tesp_support.dsot.tesp_monitor,helics,import,862
tesp_support.dsot.tesp_monitor,json,import,34
tesp_support.dsot.tesp_monitor,matplotlib,import,45
tesp_support.dsot.tesp_monitor,matplotlib.animation,import,53
tesp_support.dsot.tesp_monitor,matplotlib.backends.backend_tkagg,from,51
tesp_support.dsot.tesp_monitor,matplotlib.lines,from,52
tesp_support.dsot.tesp_monitor,matplotlib.pyplot,import,54
tesp_support.dsot.tesp_monitor,original,from,863
tesp_support.dsot.tesp_monitor,os,import,35
tesp_support.dsot.tesp_monitor,pathlib,from,807
tesp_support.dsot.tesp_monitor,socket,import,767
tesp_support.dsot.tesp_monitor,subprocess,import,36
tesp_support.dsot.tesp_monitor,sys,import,37
tesp_support.dsot.tesp_monitor,time,import,767
tesp_support.dsot.tesp_monitor,tkinter,from,40
tesp_support.dsot.tesp_monitor,tkinter,from,41
tesp_support.dsot.tesp_monitor,tkinter,import,38
tesp_support.dsot.tesp_monitor,tkinter.ttk,import,39
tesp_support.dsot.tou,json,import,5
tesp_support.dsot.tou,numpy,import,3
tesp_support.dsot.tou,os,import,1
tesp_support.dsot.tou,pandas,import,4
tesp_support.dsot.water_heater_agent,copy,from,24
tesp_support.dsot.water_heater_agent,math,import,22
tesp_support.dsot.water_heater_agent,numpy,import,23
tesp_support.dsot.water_heater_agent,pyomo.environ,import,25
tesp_support.dsot.wind_gen_year,math,import,18
tesp_support.dsot.wind_gen_year,numpy,import,19
tesp_support.dsot.wind_gen_year,pandas,import,20
tesp_support.matpower.matpower_dict,json,import,8
tesp_support.matpower.process_matpower,json,import,4
tesp_support.matpower.process_matpower,matplotlib.pyplot,import,7
tesp_support.matpower.process_matpower,numpy,import,6
tesp_support.original.case_merge,json,import,15
tesp_support.original.commercial_feeder_glm,math,import,4
tesp_support.original.commercial_feeder_glm,numpy,import,5
tesp_support.original.copperplate_feeder_glm,math,from,41
tesp_support.original.copperplate_feeder_glm,networkx,import,38
tesp_support.original.copperplate_feeder_glm,numpy,import,39
tesp_support.original.copperplate_feeder_glm,os.path,import,36
tesp_support.original.copperplate_feeder_glm,pandas,import,40
tesp_support.original.copperplate_feeder_glm,re,import,37
tesp_support.original.curve,enum,from,7
tesp_support.original.curve,numpy,import,6
tesp_support.original.fncs,ctypes,import,33
tesp_support.original.fncs,platform,import,34
tesp_support.original.glm_dictionary,json,import,16
tesp_support.original.glm_dictionary,math,from,17
tesp_support.original.glm_dictionary,os,import,15
tesp_support.original.parse_msout,numpy,import,4
tesp_support.original.player_f,datetime,import,3
tesp_support.original.player_f,json,import,4
tesp_support.original.player_f,numpy,import,6
tesp_support.original.precool,helics,import,21
tesp_support.original.precool,json,import,29
tesp_support.original.precool,logging,import,18
tesp_support.original.precool,math,import,30
tesp_support.original.prep_eplus,copy,import,9
tesp_support.original.prep_eplus,datetime,from,11
tesp_support.original.prep_eplus,json,import,4
tesp_support.original.prep_eplus,math,import,8
tesp_support.original.prep_eplus,os,import,5
tesp_support.original.prep_eplus,shutil,import,6
tesp_support.original.prep_eplus,stat,import,7
tesp_support.original.prep_eplus,subprocess,import,10
tesp_support.original.prep_precool,json,import,8
tesp_support.original.prep_precool,numpy,import,10
tesp_support.original.prep_substation,datetime,from,17
tesp_support.original.prep_substation,json,import,15
tesp_support.original.prep_substation,numpy,import,16
tesp_support.original.prep_substation,os,import,14
tesp_support.original.process_agents,json,import,9
tesp_support.original.process_agents,logging,import,10
tesp_support.original.process_agents,matplotlib.pyplot,import,14
tesp_support.original.process_agents,numpy,import,13
tesp_support.original.process_agents,os,import,11
tesp_support.original.residential_feeder_glm,json,import,30
tesp_support.original.residential_feeder_glm,math,from,34
tesp_support.original.residential_feeder_glm,math,from,35
tesp_support.original.residential_feeder_glm,math,from,36
tesp_support.original.residential_feeder_glm,networkx,import,38
tesp_support.original.residential_feeder_glm,numpy,import,39
tesp_support.original.residential_feeder_glm,os.path,import,31
tesp_support.original.residential_feeder_glm,re,import,32
tesp_support.original.residential_feeder_glm,sys,import,33
tesp_support.original.substation_f,datetime,from,16
tesp_support.original.substation_f,datetime,from,17
tesp_support.original.substation_f,json,import,15
tesp_support.original.tesp_case,datetime,from,19
tesp_support.original.tesp_case,importlib.util,import,369
tesp_support.original.tesp_case,json,import,13
tesp_support.original.tesp_case,os,import,14
tesp_support.original.tesp_case,shutil,import,15
tesp_support.original.tesp_case,stat,import,16
tesp_support.original.tesp_case,subprocess,import,17
tesp_support.original.tesp_case,sys,import,18
tesp_support.original.tesp_config,csv,import,11
tesp_support.original.tesp_config,json,import,12
tesp_support.original.tesp_config,numpy,import,20
tesp_support.original.tesp_config,os,import,13
tesp_support.original.tesp_config,tkinter,from,17
tesp_support.original.tesp_config,tkinter,from,18
tesp_support.original.tesp_config,tkinter,import,15
tesp_support.original.tesp_config,tkinter.ttk,import,16
tesp_support.original.tesp_monitor,fncs,import,647
tesp_support.original.tesp_monitor,helics,import,645
tesp_support.original.tesp_monitor,json,import,13
tesp_support.original.tesp_monitor,matplotlib,import,24
tesp_support.original.tesp_monitor,matplotlib.animation,import,32
tesp_support.original.tesp_monitor,matplotlib.backends.backend_tkagg,from,30
tesp_support.original.tesp_monitor,matplotlib.lines,from,31
tesp_support.original.tesp_monitor,matplotlib.pyplot,import,33
tesp_support.original.tesp_monitor,os,import,14
tesp_support.original.tesp_monitor,subprocess,import,15
tesp_support.original.tesp_monitor,sys,import,16
tesp_support.original.tesp_monitor,tkinter,from,19
tesp_support.original.tesp_monitor,tkinter,from,20
tesp_support.original.tesp_monitor,tkinter,import,17
tesp_support.original.tesp_monitor,tkinter.ttk,import,18
tesp_support.original.tesp_monitor_ercot,json,import,18
tesp_support.original.tesp_monitor_ercot,matplotlib,import,30
tesp_support.original.tesp_monitor_ercot,matplotlib.animation,import,37
tesp_support.original.tesp_monitor_ercot,matplotlib.backends.backend_tkagg,from,35
tesp_support.original.tesp_monitor_ercot,matplotlib.lines,from,36
tesp_support.original.tesp_monitor_ercot,matplotlib.pyplot,import,38
tesp_support.original.tesp_monitor_ercot,os,import,17
tesp_support.original.tesp_monitor_ercot,subprocess,import,20
tesp_support.original.tesp_monitor_ercot,tkinter,from,24
tesp_support.original.tesp_monitor_ercot,tkinter,from,25
tesp_support.original.tesp_monitor_ercot,tkinter,import,22
tesp_support.original.tesp_monitor_ercot,tkinter.ttk,import,23
tesp_support.original.tesp_monitor_ercot,yaml,import,19
tesp_support.original.tso_PYPOWER_f,copy,from,13
tesp_support.original.tso_PYPOWER_f,json,import,9
tesp_support.original.tso_PYPOWER_f,math,from,12
tesp_support.original.tso_PYPOWER_f,numpy,import,10
tesp_support.original.tso_PYPOWER_f,pypower.api,import,11
tesp_support.original.tso_psst_f,bisect,import,9
tesp_support.original.tso_psst_f,copy,from,17
tesp_support.original.tso_psst_f,csv,import,10
tesp_support.original.tso_psst_f,datetime,from,18
tesp_support.original.tso_psst_f,gridpiq,from,1063
tesp_support.original.tso_psst_f,json,import,8
tesp_support.original.tso_psst_f,logging,import,11
tesp_support.original.tso_psst_f,math,import,7
tesp_support.original.tso_psst_f,numpy,import,12
tesp_support.original.tso_psst_f,os,import,5
tesp_support.original.tso_psst_f,pandas,import,13
tesp_support.original.tso_psst_f,psst.cli,import,15
tesp_support.original.tso_psst_f,pypower.api,import,14
tesp_support.original.tso_psst_f,sys,import,6
tesp_support.sgip1.compare_auction,json,import,4
tesp_support.sgip1.compare_auction,matplotlib.pyplot,import,6
tesp_support.sgip1.compare_auction,numpy,import,7
tesp_support.sgip1.compare_csv,matplotlib.pyplot,import,5
tesp_support.sgip1.compare_csv,numpy,import,6
tesp_support.sgip1.compare_hvac,json,import,4
tesp_support.sgip1.compare_hvac,matplotlib.pyplot,import,6
tesp_support.sgip1.compare_hvac,numpy,import,7
tesp_support.sgip1.compare_prices,matplotlib.pyplot,import,5
tesp_support.sgip1.compare_prices,numpy,import,6
tesp_support.sgip1.compare_pypower,json,import,4
tesp_support.sgip1.compare_pypower,matplotlib.pyplot,import,6
tesp_support.sgip1.compare_pypower,numpy,import,7
tesp_support.valuation.TransmissionMetricsProcessor,json,import,5
tesp_support.valuation.TransmissionMetricsProcessor,numpy,import,6
tesp_support.valuation.TransmissionMetricsProcessor,xarray,import,7
tesp_support.weather.PSM_download,argparse,import,19
tesp_support.weather.PSM_download,logging,import,20
tesp_support.weather.PSM_download,openpyxl,import,26
tesp_support.weather.PSM_download,os,import,21
tesp_support.weather.PSM_download,pathlib,from,24
tesp_support.weather.PSM_download,pprint,import,22
tesp_support.weather.PSM_download,sys,import,23
tesp_support.weather.PSMv3toDAT,os,import,10
tesp_support.weather.PSMv3toDAT,pandas,import,12
tesp_support.weather.TMY3toCSV,Tkinter,import,109
tesp_support.weather.TMY3toCSV,dateutil,import,18
tesp_support.weather.TMY3toCSV,io,import,16
tesp_support.weather.TMY3toCSV,matplotlib.pyplot,import,21
tesp_support.weather.TMY3toCSV,pandas,import,20
tesp_support.weather.TMY3toCSV,tkFileDialog,from,110
tesp_support.weather.TMY3toCSV,urllib.request,from,23
tesp_support.weather.TMY3toCSV,warnings,import,17
tesp_support.weather.TMYtoEPW,numpy,import,17
tesp_support.weather.TMYtoEPW,subprocess,import,15
tesp_support.weather.forecast,numpy,import,7
tesp_support.weather.forecast,random,import,5
tesp_support.weather.forecast,scipy.stats,from,8
tesp_support.weather.weather_agent,datetime,from,12
tesp_support.weather.weather_agent,datetime,from,13
tesp_support.weather.weather_agent,helics,import,17
tesp_support.weather.weather_agent,json,import,9
tesp_support.weather.weather_agent,os,import,10
tesp_support.weather.weather_agent,pandas,import,15
tesp_support.weather.weather_agent,sys,import,11
tesp_support.weather.weather_agent_f,datetime,from,12
tesp_support.weather.weather_agent_f,datetime,from,13
tesp_support.weather.weather_agent_f,json,import,9
tesp_support.weather.weather_agent_f,os,import,10
tesp_support.weather.weather_agent_f,pandas,import,15
tesp_support.weather.weather_agent_f,sys,import,11
