importer,imported,type,line
code.prep_substation_recs,tesp_support.api.helpers,from,15
code.prep_substation_recs,tesp_support.api.helpers,from,16
code.prepare_case_glm_dsot,tesp_support.api.data,from,60
code.prepare_case_glm_dsot,tesp_support.api.gld_feeder_generator,import,64
code.prepare_case_glm_dsot,tesp_support.api.helpers,from,58
code.prepare_case_glm_dsot,tesp_support.dsot.case_merge,import,62
code.prepare_case_glm_dsot,tesp_support.dsot.glm_dictionary,import,63
code.prepare_case_glm_dsot,tesp_support.dsot.helpers_dsot,import,61
code.prepare_case_glm_dsot,tesp_support.dsot.tesp_monitor,import,65
code.run_annual_postprocessing,tesp_support.dsot.Wh_Energy_Purchases,import,10
code.run_annual_postprocessing,tesp_support.dsot.dso_helper_functions,import,14
code.run_annual_postprocessing,tesp_support.dsot.dso_quadratic_curves,import,12
code.run_annual_postprocessing,tesp_support.dsot.dso_rate_making,import,13
code.run_annual_postprocessing,tesp_support.dsot.plots,import,11
code.run_case_postprocessing,tesp_support.dsot.dso_rate_making,import,8
code.run_case_postprocessing,tesp_support.dsot.plots,import,7
code.validate_glm,tesp_support.api.modify_GLM,from,5
code.validate_glm,tesp_support.dsot.glm_dictionary,import,6
code.verify_GLM,tesp_support.api.modify_GLM,from,4
code.verify_GLM,tesp_support.api.parse_helpers,import,5
tesp_support.api.entity,tesp_support.api.data,from,441
tesp_support.api.entity,tesp_support.api.data,from,442
tesp_support.api.entity,tesp_support.api.data,from,443
tesp_support.api.gld_feeder_generator,tesp_support.api.entity,from,137
tesp_support.api.gld_feeder_generator,tesp_support.api.helpers,from,133
tesp_support.api.gld_feeder_generator,tesp_support.api.modify_GLM,from,134
tesp_support.api.gld_feeder_generator,tesp_support.api.recs_gld_house_parameters,from,138
tesp_support.api.gld_feeder_generator,tesp_support.api.time_helpers,from,135
tesp_support.api.gld_feeder_generator,tesp_support.api.time_helpers,from,136
tesp_support.api.gridpiq,tesp_support.api.data,from,13
tesp_support.api.gridpiq,tesp_support.api.data,from,169
tesp_support.api.gridpiq,tesp_support.api.entity,from,14
tesp_support.api.metrics_api,tesp_support.api,from,8
tesp_support.api.metrics_collector,tesp_support.api.helpers,from,15
tesp_support.api.model_GLM,tesp_support.api.data,from,16
tesp_support.api.model_GLM,tesp_support.api.data,from,17
tesp_support.api.model_GLM,tesp_support.api.data,from,1239
tesp_support.api.model_GLM,tesp_support.api.entity,from,18
tesp_support.api.model_GLM,tesp_support.api.helpers,from,20
tesp_support.api.model_GLM,tesp_support.api.parse_helpers,from,19
tesp_support.api.modify_GLM,tesp_support.api.data,from,8
tesp_support.api.modify_GLM,tesp_support.api.data,from,909
tesp_support.api.modify_GLM,tesp_support.api.data,from,930
tesp_support.api.modify_GLM,tesp_support.api.entity,from,9
tesp_support.api.modify_GLM,tesp_support.api.helpers,from,10
tesp_support.api.modify_GLM,tesp_support.api.model_GLM,from,11
tesp_support.api.recs_gld_house_parameters,tesp_support.api.data,from,9
tesp_support.api.schedule_server,tesp_support.api.data,from,25
tesp_support.api.store,tesp_support.api.data,from,512
tesp_support.api.store,tesp_support.api.data,from,524
tesp_support.api.store,tesp_support.api.data,from,536
tesp_support.api.store,tesp_support.api.data,from,557
tesp_support.api.store,tesp_support.api.data,from,583
tesp_support.api.store,tesp_support.api.data,from,584
tesp_support.api.store,tesp_support.api.metrics_api,from,486
tesp_support.api.store,tesp_support.api.metrics_api,from,558
tesp_support.api.substation,tesp_support.api.bench_profile,from,23
tesp_support.api.substation,tesp_support.original.hvac_agent,from,21
tesp_support.api.substation,tesp_support.original.simple_auction,from,22
tesp_support.api.tso_PYPOWER,tesp_support.api.bench_profile,from,18
tesp_support.api.tso_PYPOWER,tesp_support.api.tso_helpers,from,17
tesp_support.api.tso_psst,tesp_support.api.bench_profile,from,23
tesp_support.api.tso_psst,tesp_support.api.metrics_collector,from,22
tesp_support.api.tso_psst,tesp_support.api.parse_helpers,from,20
tesp_support.api.tso_psst,tesp_support.api.tso_helpers,from,21
tesp_support.consensus.case_merge,tesp_support.api.helpers,from,17
tesp_support.consensus.dg_agent,tesp_support.api.helpers,from,21
tesp_support.consensus.dg_agent,tesp_support.api.metrics_collector,from,22
tesp_support.consensus.dg_agent,tesp_support.consensus,from,18
tesp_support.consensus.dg_agent,tesp_support.consensus.dso_market,from,19
tesp_support.consensus.dg_agent,tesp_support.consensus.retail_market,from,20
tesp_support.consensus.dso_agent,tesp_support.api.helpers,from,22
tesp_support.consensus.dso_agent,tesp_support.api.metrics_collector,from,23
tesp_support.consensus.dso_agent,tesp_support.consensus,from,19
tesp_support.consensus.dso_agent,tesp_support.consensus.dso_market,from,20
tesp_support.consensus.dso_agent,tesp_support.consensus.retail_market,from,21
tesp_support.consensus.dso_market,tesp_support.api.parse_helpers,from,19
tesp_support.consensus.dso_market,tesp_support.consensus.retail_market,from,690
tesp_support.consensus.dso_market,tesp_support.dsot.helpers_dsot,from,20
tesp_support.consensus.generator,tesp_support.dsot.helpers_dsot,from,10
tesp_support.consensus.glm_dictionary,tesp_support.api.helpers,from,21
tesp_support.consensus.microgrid,tesp_support.dsot.helpers_dsot,from,10
tesp_support.consensus.microgrid_agent,tesp_support.api.helpers,from,22
tesp_support.consensus.microgrid_agent,tesp_support.api.metrics_collector,from,23
tesp_support.consensus.microgrid_agent,tesp_support.consensus,from,29
tesp_support.consensus.microgrid_agent,tesp_support.consensus.dso_market,from,31
tesp_support.consensus.microgrid_agent,tesp_support.consensus.forecasting,from,30
tesp_support.consensus.microgrid_agent,tesp_support.consensus.retail_market,from,32
tesp_support.consensus.microgrid_agent,tesp_support.dsot.battery_agent,from,26
tesp_support.consensus.microgrid_agent,tesp_support.dsot.hvac_agent,from,25
tesp_support.consensus.microgrid_agent,tesp_support.dsot.water_heater_agent,from,27
tesp_support.consensus.residential_feeder_glm,tesp_support.api.data,from,44
tesp_support.consensus.residential_feeder_glm,tesp_support.api.helpers,from,45
tesp_support.consensus.residential_feeder_glm,tesp_support.api.parse_helpers,from,46
tesp_support.consensus.residential_feeder_glm,tesp_support.original,from,47
tesp_support.consensus.retail_market,tesp_support.dsot.helpers_dsot,from,35
tesp_support.consensus.substation,tesp_support.dsot.helpers_dsot,from,10
tesp_support.consensus.weather_agent,tesp_support.original,from,14
tesp_support.dsot.battery_agent,tesp_support.api.helpers,from,28
tesp_support.dsot.battery_agent,tesp_support.api.parse_helpers,from,29
tesp_support.dsot.case_comparison_plots,tesp_support.dsot,from,14
tesp_support.dsot.case_merge,tesp_support.api.helpers,from,17
tesp_support.dsot.case_merge,tesp_support.api.modify_GLM,from,18
tesp_support.dsot.customer_CFS,tesp_support.dsot,from,12
tesp_support.dsot.dso_CFS,tesp_support.dsot,from,13
tesp_support.dsot.dso_helper_functions,tesp_support.dsot,from,11
tesp_support.dsot.dso_helper_functions,tesp_support.dsot,from,12
tesp_support.dsot.dso_helper_functions,tesp_support.dsot,from,13
tesp_support.dsot.dso_helper_functions,tesp_support.dsot,from,14
tesp_support.dsot.dso_market,tesp_support.api.helpers,from,19
tesp_support.dsot.dso_market,tesp_support.api.parse_helpers,from,20
tesp_support.dsot.dso_market,tesp_support.api.schedule_client,from,22
tesp_support.dsot.dso_market,tesp_support.dsot.helpers_dsot,from,21
tesp_support.dsot.dso_market,tesp_support.dsot.retail_market,from,863
tesp_support.dsot.dso_rate_making,tesp_support.dsot.plots,from,17
tesp_support.dsot.ev_agent,tesp_support.api.helpers,from,31
tesp_support.dsot.ev_agent,tesp_support.api.parse_helpers,from,32
tesp_support.dsot.ev_agent,tesp_support.api.time_helpers,from,33
tesp_support.dsot.forecasting,tesp_support.api.schedule_client,from,26
tesp_support.dsot.forecasting,tesp_support.dsot.hvac_agent,from,25
tesp_support.dsot.glm_dictionary,tesp_support.api.helpers,from,21
tesp_support.dsot.glm_dictionary,tesp_support.api.modify_GLM,from,589
tesp_support.dsot.helpers_dsot,tesp_support.api.helpers,from,16
tesp_support.dsot.hvac_agent,tesp_support.api.helpers,from,20
tesp_support.dsot.hvac_agent,tesp_support.api.parse_helpers,from,21
tesp_support.dsot.map_results,tesp_support.dsot.plots,from,17
tesp_support.dsot.pv_agent,tesp_support.api.helpers,from,11
tesp_support.dsot.pv_agent,tesp_support.dsot.forecasting,from,56
tesp_support.dsot.residential_feeder_glm,tesp_support.api.data,from,47
tesp_support.dsot.residential_feeder_glm,tesp_support.api.helpers,from,48
tesp_support.dsot.residential_feeder_glm,tesp_support.api.parse_helpers,from,49
tesp_support.dsot.residential_feeder_glm,tesp_support.api.time_helpers,from,50
tesp_support.dsot.residential_feeder_glm,tesp_support.api.time_helpers,from,51
tesp_support.dsot.residential_feeder_glm,tesp_support.original,from,52
tesp_support.dsot.retail_market,tesp_support.api.schedule_client,from,36
tesp_support.dsot.retail_market,tesp_support.dsot.helpers_dsot,from,35
tesp_support.dsot.sankey,tesp_support.dsot,from,11
tesp_support.dsot.substation,tesp_support.api.bench_profile,from,29
tesp_support.dsot.substation,tesp_support.api.helpers,from,19
tesp_support.dsot.substation,tesp_support.api.metrics_collector,from,28
tesp_support.dsot.substation,tesp_support.dsot.battery_agent,from,24
tesp_support.dsot.substation,tesp_support.dsot.dso_market,from,25
tesp_support.dsot.substation,tesp_support.dsot.ev_agent,from,22
tesp_support.dsot.substation,tesp_support.dsot.forecasting,from,27
tesp_support.dsot.substation,tesp_support.dsot.hvac_agent,from,20
tesp_support.dsot.substation,tesp_support.dsot.pv_agent,from,23
tesp_support.dsot.substation,tesp_support.dsot.retail_market,from,26
tesp_support.dsot.substation,tesp_support.dsot.water_heater_agent,from,21
tesp_support.dsot.substation_f,tesp_support.api.bench_profile,from,29
tesp_support.dsot.substation_f,tesp_support.api.helpers,from,19
tesp_support.dsot.substation_f,tesp_support.api.metrics_collector,from,28
tesp_support.dsot.substation_f,tesp_support.dsot.battery_agent,from,24
tesp_support.dsot.substation_f,tesp_support.dsot.dso_market,from,25
tesp_support.dsot.substation_f,tesp_support.dsot.ev_agent,from,22
tesp_support.dsot.substation_f,tesp_support.dsot.forecasting,from,27
tesp_support.dsot.substation_f,tesp_support.dsot.hvac_agent,from,20
tesp_support.dsot.substation_f,tesp_support.dsot.pv_agent,from,23
tesp_support.dsot.substation_f,tesp_support.dsot.retail_market,from,26
tesp_support.dsot.substation_f,tesp_support.dsot.water_heater_agent,from,21
tesp_support.dsot.substation_f,tesp_support.original,from,18
tesp_support.dsot.water_heater_agent,tesp_support.api.helpers,from,27
tesp_support.dsot.water_heater_agent,tesp_support.api.parse_helpers,from,28
tesp_support.dsot.wind_gen_year,tesp_support.api.tso_helpers,from,22
tesp_support.original.case_merge,tesp_support.api.helpers,from,17
tesp_support.original.commercial_feeder_glm,tesp_support.api.helpers,from,7
tesp_support.original.commercial_feeder_glm,tesp_support.dsot,from,8
tesp_support.original.copperplate_feeder_glm,tesp_support.api.data,from,43
tesp_support.original.copperplate_feeder_glm,tesp_support.api.helpers,from,44
tesp_support.original.copperplate_feeder_glm,tesp_support.api.parse_helpers,from,45
tesp_support.original.copperplate_feeder_glm,tesp_support.original.commercial_feeder_glm,from,46
tesp_support.original.glm_dictionary,tesp_support.api.helpers,from,19
tesp_support.original.hvac_agent,tesp_support.api.parse_helpers,from,10
tesp_support.original.player_f,tesp_support.original,from,8
tesp_support.original.precool,tesp_support.api.helpers,from,32
tesp_support.original.precool,tesp_support.api.parse_helpers,from,33
tesp_support.original.precool,tesp_support.original,from,25
tesp_support.original.prep_eplus,tesp_support.api.helpers,from,14
tesp_support.original.prep_eplus,tesp_support.api.make_ems,from,13
tesp_support.original.prep_precool,tesp_support.api.helpers,from,12
tesp_support.original.prep_substation,tesp_support.api.helpers,from,19
tesp_support.original.residential_feeder_glm,tesp_support.api.data,from,41
tesp_support.original.residential_feeder_glm,tesp_support.api.helpers,from,42
tesp_support.original.residential_feeder_glm,tesp_support.api.parse_helpers,from,43
tesp_support.original.simple_auction,tesp_support.original.curve,from,24
tesp_support.original.substation_f,tesp_support.api.bench_profile,from,23
tesp_support.original.substation_f,tesp_support.api.parse_helpers,from,20
tesp_support.original.substation_f,tesp_support.original,from,19
tesp_support.original.substation_f,tesp_support.original.hvac_agent,from,21
tesp_support.original.substation_f,tesp_support.original.simple_auction,from,22
tesp_support.original.tesp_case,tesp_support.api.data,from,21
tesp_support.original.tesp_case,tesp_support.api.helpers,from,22
tesp_support.original.tesp_case,tesp_support.api.make_ems,from,23
tesp_support.original.tesp_case,tesp_support.original.glm_dictionary,from,25
tesp_support.original.tesp_case,tesp_support.original.prep_substation,from,26
tesp_support.original.tesp_case,tesp_support.original.residential_feeder_glm,from,27
tesp_support.original.tesp_case,tesp_support.weather.TMYtoEPW,from,24
tesp_support.original.tesp_config,tesp_support.api.data,from,22
tesp_support.original.tesp_monitor,tesp_support.api.parse_helpers,from,22
tesp_support.original.tesp_monitor_ercot,tesp_support.api.parse_helpers,from,28
tesp_support.original.tesp_monitor_ercot,tesp_support.original,from,27
tesp_support.original.tso_PYPOWER_f,tesp_support.api.bench_profile,from,18
tesp_support.original.tso_PYPOWER_f,tesp_support.api.parse_helpers,from,16
tesp_support.original.tso_PYPOWER_f,tesp_support.api.tso_helpers,from,17
tesp_support.original.tso_PYPOWER_f,tesp_support.original,from,15
tesp_support.original.tso_psst_f,tesp_support.api.bench_profile,from,23
tesp_support.original.tso_psst_f,tesp_support.api.metrics_collector,from,22
tesp_support.original.tso_psst_f,tesp_support.api.parse_helpers,from,20
tesp_support.original.tso_psst_f,tesp_support.api.tso_helpers,from,21
tesp_support.original.tso_psst_f,tesp_support.original,from,16
tesp_support.weather.PSM_download,tesp_support.weather,from,28
tesp_support.weather.PSMv3toDAT,tesp_support.api.data,from,71
tesp_support.weather.TMY3toCSV,tesp_support.api.data,from,291
tesp_support.weather.weather_agent,tesp_support.weather.forecast,from,18
tesp_support.weather.weather_agent_f,tesp_support.original,from,17
tesp_support.weather.weather_agent_f,tesp_support.weather.forecast,from,18
