module,file_path,root
code.generate_case,C:\Users\kerb930\Documents\Transactive Energy\Community Engagement\tesp\tesp\examples\analysis\glm_dsot\code\generate_case.py,C:\Users\kerb930\Documents\Transactive Energy\Community Engagement\tesp\tesp\examples\analysis\glm_dsot\code
code.plots,C:\Users\kerb930\Documents\Transactive Energy\Community Engagement\tesp\tesp\examples\analysis\glm_dsot\code\plots.py,C:\Users\kerb930\Documents\Transactive Energy\Community Engagement\tesp\tesp\examples\analysis\glm_dsot\code
code.prep_substation_recs,C:\Users\kerb930\Documents\Transactive Energy\Community Engagement\tesp\tesp\examples\analysis\glm_dsot\code\prep_substation_recs.py,C:\Users\kerb930\Documents\Transactive Energy\Community Engagement\tesp\tesp\examples\analysis\glm_dsot\code
code.prepare_case_glm_dsot,C:\Users\kerb930\Documents\Transactive Energy\Community Engagement\tesp\tesp\examples\analysis\glm_dsot\code\prepare_case_glm_dsot.py,C:\Users\kerb930\Documents\Transactive Energy\Community Engagement\tesp\tesp\examples\analysis\glm_dsot\code
code.run_annual_postprocessing,C:\Users\kerb930\Documents\Transactive Energy\Community Engagement\tesp\tesp\examples\analysis\glm_dsot\code\run_annual_postprocessing.py,C:\Users\kerb930\Documents\Transactive Energy\Community Engagement\tesp\tesp\examples\analysis\glm_dsot\code
code.run_case_postprocessing,C:\Users\kerb930\Documents\Transactive Energy\Community Engagement\tesp\tesp\examples\analysis\glm_dsot\code\run_case_postprocessing.py,C:\Users\kerb930\Documents\Transactive Energy\Community Engagement\tesp\tesp\examples\analysis\glm_dsot\code
code.validate_glm,C:\Users\kerb930\Documents\Transactive Energy\Community Engagement\tesp\tesp\examples\analysis\glm_dsot\code\validate_glm.py,C:\Users\kerb930\Documents\Transactive Energy\Community Engagement\tesp\tesp\examples\analysis\glm_dsot\code
code.verify_GLM,C:\Users\kerb930\Documents\Transactive Energy\Community Engagement\tesp\tesp\examples\analysis\glm_dsot\code\verify_GLM.py,C:\Users\kerb930\Documents\Transactive Energy\Community Engagement\tesp\tesp\examples\analysis\glm_dsot\code
tesp_support,C:\Users\kerb930\Documents\Transactive Energy\Community Engagement\tesp\tesp\src\tesp_support\tesp_support\__init__.py,C:\Users\kerb930\Documents\Transactive Energy\Community Engagement\tesp\tesp\src\tesp_support\tesp_support
tesp_support._commands,C:\Users\kerb930\Documents\Transactive Energy\Community Engagement\tesp\tesp\src\tesp_support\tesp_support\_commands.py,C:\Users\kerb930\Documents\Transactive Energy\Community Engagement\tesp\tesp\src\tesp_support\tesp_support
tesp_support._version,C:\Users\kerb930\Documents\Transactive Energy\Community Engagement\tesp\tesp\src\tesp_support\tesp_support\_version.py,C:\Users\kerb930\Documents\Transactive Energy\Community Engagement\tesp\tesp\src\tesp_support\tesp_support
tesp_support.api,C:\Users\kerb930\Documents\Transactive Energy\Community Engagement\tesp\tesp\src\tesp_support\tesp_support\api\__init__.py,C:\Users\kerb930\Documents\Transactive Energy\Community Engagement\tesp\tesp\src\tesp_support\tesp_support
tesp_support.api.bench_profile,C:\Users\kerb930\Documents\Transactive Energy\Community Engagement\tesp\tesp\src\tesp_support\tesp_support\api\bench_profile.py,C:\Users\kerb930\Documents\Transactive Energy\Community Engagement\tesp\tesp\src\tesp_support\tesp_support
tesp_support.api.data,C:\Users\kerb930\Documents\Transactive Energy\Community Engagement\tesp\tesp\src\tesp_support\tesp_support\api\data.py,C:\Users\kerb930\Documents\Transactive Energy\Community Engagement\tesp\tesp\src\tesp_support\tesp_support
tesp_support.api.entity,C:\Users\kerb930\Documents\Transactive Energy\Community Engagement\tesp\tesp\src\tesp_support\tesp_support\api\entity.py,C:\Users\kerb930\Documents\Transactive Energy\Community Engagement\tesp\tesp\src\tesp_support\tesp_support
tesp_support.api.gld_feeder_generator,C:\Users\kerb930\Documents\Transactive Energy\Community Engagement\tesp\tesp\src\tesp_support\tesp_support\api\gld_feeder_generator.py,C:\Users\kerb930\Documents\Transactive Energy\Community Engagement\tesp\tesp\src\tesp_support\tesp_support
tesp_support.api.gridpiq,C:\Users\kerb930\Documents\Transactive Energy\Community Engagement\tesp\tesp\src\tesp_support\tesp_support\api\gridpiq.py,C:\Users\kerb930\Documents\Transactive Energy\Community Engagement\tesp\tesp\src\tesp_support\tesp_support
tesp_support.api.helpers,C:\Users\kerb930\Documents\Transactive Energy\Community Engagement\tesp\tesp\src\tesp_support\tesp_support\api\helpers.py,C:\Users\kerb930\Documents\Transactive Energy\Community Engagement\tesp\tesp\src\tesp_support\tesp_support
tesp_support.api.make_ems,C:\Users\kerb930\Documents\Transactive Energy\Community Engagement\tesp\tesp\src\tesp_support\tesp_support\api\make_ems.py,C:\Users\kerb930\Documents\Transactive Energy\Community Engagement\tesp\tesp\src\tesp_support\tesp_support
tesp_support.api.metrics_api,C:\Users\kerb930\Documents\Transactive Energy\Community Engagement\tesp\tesp\src\tesp_support\tesp_support\api\metrics_api.py,C:\Users\kerb930\Documents\Transactive Energy\Community Engagement\tesp\tesp\src\tesp_support\tesp_support
tesp_support.api.metrics_base_api,C:\Users\kerb930\Documents\Transactive Energy\Community Engagement\tesp\tesp\src\tesp_support\tesp_support\api\metrics_base_api.py,C:\Users\kerb930\Documents\Transactive Energy\Community Engagement\tesp\tesp\src\tesp_support\tesp_support
tesp_support.api.metrics_collector,C:\Users\kerb930\Documents\Transactive Energy\Community Engagement\tesp\tesp\src\tesp_support\tesp_support\api\metrics_collector.py,C:\Users\kerb930\Documents\Transactive Energy\Community Engagement\tesp\tesp\src\tesp_support\tesp_support
tesp_support.api.model_GLM,C:\Users\kerb930\Documents\Transactive Energy\Community Engagement\tesp\tesp\src\tesp_support\tesp_support\api\model_GLM.py,C:\Users\kerb930\Documents\Transactive Energy\Community Engagement\tesp\tesp\src\tesp_support\tesp_support
tesp_support.api.modify_GLM,C:\Users\kerb930\Documents\Transactive Energy\Community Engagement\tesp\tesp\src\tesp_support\tesp_support\api\modify_GLM.py,C:\Users\kerb930\Documents\Transactive Energy\Community Engagement\tesp\tesp\src\tesp_support\tesp_support
tesp_support.api.parse_helpers,C:\Users\kerb930\Documents\Transactive Energy\Community Engagement\tesp\tesp\src\tesp_support\tesp_support\api\parse_helpers.py,C:\Users\kerb930\Documents\Transactive Energy\Community Engagement\tesp\tesp\src\tesp_support\tesp_support
tesp_support.api.player,C:\Users\kerb930\Documents\Transactive Energy\Community Engagement\tesp\tesp\src\tesp_support\tesp_support\api\player.py,C:\Users\kerb930\Documents\Transactive Energy\Community Engagement\tesp\tesp\src\tesp_support\tesp_support
tesp_support.api.process_eplus,C:\Users\kerb930\Documents\Transactive Energy\Community Engagement\tesp\tesp\src\tesp_support\tesp_support\api\process_eplus.py,C:\Users\kerb930\Documents\Transactive Energy\Community Engagement\tesp\tesp\src\tesp_support\tesp_support
tesp_support.api.process_gld,C:\Users\kerb930\Documents\Transactive Energy\Community Engagement\tesp\tesp\src\tesp_support\tesp_support\api\process_gld.py,C:\Users\kerb930\Documents\Transactive Energy\Community Engagement\tesp\tesp\src\tesp_support\tesp_support
tesp_support.api.process_houses,C:\Users\kerb930\Documents\Transactive Energy\Community Engagement\tesp\tesp\src\tesp_support\tesp_support\api\process_houses.py,C:\Users\kerb930\Documents\Transactive Energy\Community Engagement\tesp\tesp\src\tesp_support\tesp_support
tesp_support.api.process_inv,C:\Users\kerb930\Documents\Transactive Energy\Community Engagement\tesp\tesp\src\tesp_support\tesp_support\api\process_inv.py,C:\Users\kerb930\Documents\Transactive Energy\Community Engagement\tesp\tesp\src\tesp_support\tesp_support
tesp_support.api.process_pypower,C:\Users\kerb930\Documents\Transactive Energy\Community Engagement\tesp\tesp\src\tesp_support\tesp_support\api\process_pypower.py,C:\Users\kerb930\Documents\Transactive Energy\Community Engagement\tesp\tesp\src\tesp_support\tesp_support
tesp_support.api.process_voltages,C:\Users\kerb930\Documents\Transactive Energy\Community Engagement\tesp\tesp\src\tesp_support\tesp_support\api\process_voltages.py,C:\Users\kerb930\Documents\Transactive Energy\Community Engagement\tesp\tesp\src\tesp_support\tesp_support
tesp_support.api.recs_api,C:\Users\kerb930\Documents\Transactive Energy\Community Engagement\tesp\tesp\src\tesp_support\tesp_support\api\recs_api.py,C:\Users\kerb930\Documents\Transactive Energy\Community Engagement\tesp\tesp\src\tesp_support\tesp_support
tesp_support.api.recs_gld_house_parameters,C:\Users\kerb930\Documents\Transactive Energy\Community Engagement\tesp\tesp\src\tesp_support\tesp_support\api\recs_gld_house_parameters.py,C:\Users\kerb930\Documents\Transactive Energy\Community Engagement\tesp\tesp\src\tesp_support\tesp_support
tesp_support.api.schedule_client,C:\Users\kerb930\Documents\Transactive Energy\Community Engagement\tesp\tesp\src\tesp_support\tesp_support\api\schedule_client.py,C:\Users\kerb930\Documents\Transactive Energy\Community Engagement\tesp\tesp\src\tesp_support\tesp_support
tesp_support.api.schedule_server,C:\Users\kerb930\Documents\Transactive Energy\Community Engagement\tesp\tesp\src\tesp_support\tesp_support\api\schedule_server.py,C:\Users\kerb930\Documents\Transactive Energy\Community Engagement\tesp\tesp\src\tesp_support\tesp_support
tesp_support.api.store,C:\Users\kerb930\Documents\Transactive Energy\Community Engagement\tesp\tesp\src\tesp_support\tesp_support\api\store.py,C:\Users\kerb930\Documents\Transactive Energy\Community Engagement\tesp\tesp\src\tesp_support\tesp_support
tesp_support.api.substation,C:\Users\kerb930\Documents\Transactive Energy\Community Engagement\tesp\tesp\src\tesp_support\tesp_support\api\substation.py,C:\Users\kerb930\Documents\Transactive Energy\Community Engagement\tesp\tesp\src\tesp_support\tesp_support
tesp_support.api.test_runner,C:\Users\kerb930\Documents\Transactive Energy\Community Engagement\tesp\tesp\src\tesp_support\tesp_support\api\test_runner.py,C:\Users\kerb930\Documents\Transactive Energy\Community Engagement\tesp\tesp\src\tesp_support\tesp_support
tesp_support.api.time_helpers,C:\Users\kerb930\Documents\Transactive Energy\Community Engagement\tesp\tesp\src\tesp_support\tesp_support\api\time_helpers.py,C:\Users\kerb930\Documents\Transactive Energy\Community Engagement\tesp\tesp\src\tesp_support\tesp_support
tesp_support.api.tso_PYPOWER,C:\Users\kerb930\Documents\Transactive Energy\Community Engagement\tesp\tesp\src\tesp_support\tesp_support\api\tso_PYPOWER.py,C:\Users\kerb930\Documents\Transactive Energy\Community Engagement\tesp\tesp\src\tesp_support\tesp_support
tesp_support.api.tso_helpers,C:\Users\kerb930\Documents\Transactive Energy\Community Engagement\tesp\tesp\src\tesp_support\tesp_support\api\tso_helpers.py,C:\Users\kerb930\Documents\Transactive Energy\Community Engagement\tesp\tesp\src\tesp_support\tesp_support
tesp_support.api.tso_psst,C:\Users\kerb930\Documents\Transactive Energy\Community Engagement\tesp\tesp\src\tesp_support\tesp_support\api\tso_psst.py,C:\Users\kerb930\Documents\Transactive Energy\Community Engagement\tesp\tesp\src\tesp_support\tesp_support
tesp_support.consensus,C:\Users\kerb930\Documents\Transactive Energy\Community Engagement\tesp\tesp\src\tesp_support\tesp_support\consensus\__init__.py,C:\Users\kerb930\Documents\Transactive Energy\Community Engagement\tesp\tesp\src\tesp_support\tesp_support
tesp_support.consensus.case_merge,C:\Users\kerb930\Documents\Transactive Energy\Community Engagement\tesp\tesp\src\tesp_support\tesp_support\consensus\case_merge.py,C:\Users\kerb930\Documents\Transactive Energy\Community Engagement\tesp\tesp\src\tesp_support\tesp_support
tesp_support.consensus.dg_agent,C:\Users\kerb930\Documents\Transactive Energy\Community Engagement\tesp\tesp\src\tesp_support\tesp_support\consensus\dg_agent.py,C:\Users\kerb930\Documents\Transactive Energy\Community Engagement\tesp\tesp\src\tesp_support\tesp_support
tesp_support.consensus.dso_agent,C:\Users\kerb930\Documents\Transactive Energy\Community Engagement\tesp\tesp\src\tesp_support\tesp_support\consensus\dso_agent.py,C:\Users\kerb930\Documents\Transactive Energy\Community Engagement\tesp\tesp\src\tesp_support\tesp_support
tesp_support.consensus.dso_market,C:\Users\kerb930\Documents\Transactive Energy\Community Engagement\tesp\tesp\src\tesp_support\tesp_support\consensus\dso_market.py,C:\Users\kerb930\Documents\Transactive Energy\Community Engagement\tesp\tesp\src\tesp_support\tesp_support
tesp_support.consensus.forecasting,C:\Users\kerb930\Documents\Transactive Energy\Community Engagement\tesp\tesp\src\tesp_support\tesp_support\consensus\forecasting.py,C:\Users\kerb930\Documents\Transactive Energy\Community Engagement\tesp\tesp\src\tesp_support\tesp_support
tesp_support.consensus.generator,C:\Users\kerb930\Documents\Transactive Energy\Community Engagement\tesp\tesp\src\tesp_support\tesp_support\consensus\generator.py,C:\Users\kerb930\Documents\Transactive Energy\Community Engagement\tesp\tesp\src\tesp_support\tesp_support
tesp_support.consensus.glm_dictionary,C:\Users\kerb930\Documents\Transactive Energy\Community Engagement\tesp\tesp\src\tesp_support\tesp_support\consensus\glm_dictionary.py,C:\Users\kerb930\Documents\Transactive Energy\Community Engagement\tesp\tesp\src\tesp_support\tesp_support
tesp_support.consensus.microgrid,C:\Users\kerb930\Documents\Transactive Energy\Community Engagement\tesp\tesp\src\tesp_support\tesp_support\consensus\microgrid.py,C:\Users\kerb930\Documents\Transactive Energy\Community Engagement\tesp\tesp\src\tesp_support\tesp_support
tesp_support.consensus.microgrid_agent,C:\Users\kerb930\Documents\Transactive Energy\Community Engagement\tesp\tesp\src\tesp_support\tesp_support\consensus\microgrid_agent.py,C:\Users\kerb930\Documents\Transactive Energy\Community Engagement\tesp\tesp\src\tesp_support\tesp_support
tesp_support.consensus.residential_feeder_glm,C:\Users\kerb930\Documents\Transactive Energy\Community Engagement\tesp\tesp\src\tesp_support\tesp_support\consensus\residential_feeder_glm.py,C:\Users\kerb930\Documents\Transactive Energy\Community Engagement\tesp\tesp\src\tesp_support\tesp_support
tesp_support.consensus.retail_market,C:\Users\kerb930\Documents\Transactive Energy\Community Engagement\tesp\tesp\src\tesp_support\tesp_support\consensus\retail_market.py,C:\Users\kerb930\Documents\Transactive Energy\Community Engagement\tesp\tesp\src\tesp_support\tesp_support
tesp_support.consensus.substation,C:\Users\kerb930\Documents\Transactive Energy\Community Engagement\tesp\tesp\src\tesp_support\tesp_support\consensus\substation.py,C:\Users\kerb930\Documents\Transactive Energy\Community Engagement\tesp\tesp\src\tesp_support\tesp_support
tesp_support.consensus.weather_agent,C:\Users\kerb930\Documents\Transactive Energy\Community Engagement\tesp\tesp\src\tesp_support\tesp_support\consensus\weather_agent.py,C:\Users\kerb930\Documents\Transactive Energy\Community Engagement\tesp\tesp\src\tesp_support\tesp_support
tesp_support.dsot,C:\Users\kerb930\Documents\Transactive Energy\Community Engagement\tesp\tesp\src\tesp_support\tesp_support\dsot\__init__.py,C:\Users\kerb930\Documents\Transactive Energy\Community Engagement\tesp\tesp\src\tesp_support\tesp_support
tesp_support.dsot.Wh_Energy_Purchases,C:\Users\kerb930\Documents\Transactive Energy\Community Engagement\tesp\tesp\src\tesp_support\tesp_support\dsot\Wh_Energy_Purchases.py,C:\Users\kerb930\Documents\Transactive Energy\Community Engagement\tesp\tesp\src\tesp_support\tesp_support
tesp_support.dsot.balance_sheet_functions,C:\Users\kerb930\Documents\Transactive Energy\Community Engagement\tesp\tesp\src\tesp_support\tesp_support\dsot\balance_sheet_functions.py,C:\Users\kerb930\Documents\Transactive Energy\Community Engagement\tesp\tesp\src\tesp_support\tesp_support
tesp_support.dsot.battery_agent,C:\Users\kerb930\Documents\Transactive Energy\Community Engagement\tesp\tesp\src\tesp_support\tesp_support\dsot\battery_agent.py,C:\Users\kerb930\Documents\Transactive Energy\Community Engagement\tesp\tesp\src\tesp_support\tesp_support
tesp_support.dsot.case_comparison_plots,C:\Users\kerb930\Documents\Transactive Energy\Community Engagement\tesp\tesp\src\tesp_support\tesp_support\dsot\case_comparison_plots.py,C:\Users\kerb930\Documents\Transactive Energy\Community Engagement\tesp\tesp\src\tesp_support\tesp_support
tesp_support.dsot.case_merge,C:\Users\kerb930\Documents\Transactive Energy\Community Engagement\tesp\tesp\src\tesp_support\tesp_support\dsot\case_merge.py,C:\Users\kerb930\Documents\Transactive Energy\Community Engagement\tesp\tesp\src\tesp_support\tesp_support
tesp_support.dsot.customer_CFS,C:\Users\kerb930\Documents\Transactive Energy\Community Engagement\tesp\tesp\src\tesp_support\tesp_support\dsot\customer_CFS.py,C:\Users\kerb930\Documents\Transactive Energy\Community Engagement\tesp\tesp\src\tesp_support\tesp_support
tesp_support.dsot.dso_CFS,C:\Users\kerb930\Documents\Transactive Energy\Community Engagement\tesp\tesp\src\tesp_support\tesp_support\dsot\dso_CFS.py,C:\Users\kerb930\Documents\Transactive Energy\Community Engagement\tesp\tesp\src\tesp_support\tesp_support
tesp_support.dsot.dso_helper_functions,C:\Users\kerb930\Documents\Transactive Energy\Community Engagement\tesp\tesp\src\tesp_support\tesp_support\dsot\dso_helper_functions.py,C:\Users\kerb930\Documents\Transactive Energy\Community Engagement\tesp\tesp\src\tesp_support\tesp_support
tesp_support.dsot.dso_map,C:\Users\kerb930\Documents\Transactive Energy\Community Engagement\tesp\tesp\src\tesp_support\tesp_support\dsot\dso_map.py,C:\Users\kerb930\Documents\Transactive Energy\Community Engagement\tesp\tesp\src\tesp_support\tesp_support
tesp_support.dsot.dso_market,C:\Users\kerb930\Documents\Transactive Energy\Community Engagement\tesp\tesp\src\tesp_support\tesp_support\dsot\dso_market.py,C:\Users\kerb930\Documents\Transactive Energy\Community Engagement\tesp\tesp\src\tesp_support\tesp_support
tesp_support.dsot.dso_quadratic_curves,C:\Users\kerb930\Documents\Transactive Energy\Community Engagement\tesp\tesp\src\tesp_support\tesp_support\dsot\dso_quadratic_curves.py,C:\Users\kerb930\Documents\Transactive Energy\Community Engagement\tesp\tesp\src\tesp_support\tesp_support
tesp_support.dsot.dso_rate_making,C:\Users\kerb930\Documents\Transactive Energy\Community Engagement\tesp\tesp\src\tesp_support\tesp_support\dsot\dso_rate_making.py,C:\Users\kerb930\Documents\Transactive Energy\Community Engagement\tesp\tesp\src\tesp_support\tesp_support
tesp_support.dsot.ev_agent,C:\Users\kerb930\Documents\Transactive Energy\Community Engagement\tesp\tesp\src\tesp_support\tesp_support\dsot\ev_agent.py,C:\Users\kerb930\Documents\Transactive Energy\Community Engagement\tesp\tesp\src\tesp_support\tesp_support
tesp_support.dsot.forecasting,C:\Users\kerb930\Documents\Transactive Energy\Community Engagement\tesp\tesp\src\tesp_support\tesp_support\dsot\forecasting.py,C:\Users\kerb930\Documents\Transactive Energy\Community Engagement\tesp\tesp\src\tesp_support\tesp_support
tesp_support.dsot.gen_map,C:\Users\kerb930\Documents\Transactive Energy\Community Engagement\tesp\tesp\src\tesp_support\tesp_support\dsot\gen_map.py,C:\Users\kerb930\Documents\Transactive Energy\Community Engagement\tesp\tesp\src\tesp_support\tesp_support
tesp_support.dsot.generator_balance_sheet_func,C:\Users\kerb930\Documents\Transactive Energy\Community Engagement\tesp\tesp\src\tesp_support\tesp_support\dsot\generator_balance_sheet_func.py,C:\Users\kerb930\Documents\Transactive Energy\Community Engagement\tesp\tesp\src\tesp_support\tesp_support
tesp_support.dsot.glm_dictionary,C:\Users\kerb930\Documents\Transactive Energy\Community Engagement\tesp\tesp\src\tesp_support\tesp_support\dsot\glm_dictionary.py,C:\Users\kerb930\Documents\Transactive Energy\Community Engagement\tesp\tesp\src\tesp_support\tesp_support
tesp_support.dsot.helpers_dsot,C:\Users\kerb930\Documents\Transactive Energy\Community Engagement\tesp\tesp\src\tesp_support\tesp_support\dsot\helpers_dsot.py,C:\Users\kerb930\Documents\Transactive Energy\Community Engagement\tesp\tesp\src\tesp_support\tesp_support
tesp_support.dsot.hvac_agent,C:\Users\kerb930\Documents\Transactive Energy\Community Engagement\tesp\tesp\src\tesp_support\tesp_support\dsot\hvac_agent.py,C:\Users\kerb930\Documents\Transactive Energy\Community Engagement\tesp\tesp\src\tesp_support\tesp_support
tesp_support.dsot.load_less_solar,C:\Users\kerb930\Documents\Transactive Energy\Community Engagement\tesp\tesp\src\tesp_support\tesp_support\dsot\load_less_solar.py,C:\Users\kerb930\Documents\Transactive Energy\Community Engagement\tesp\tesp\src\tesp_support\tesp_support
tesp_support.dsot.map_results,C:\Users\kerb930\Documents\Transactive Energy\Community Engagement\tesp\tesp\src\tesp_support\tesp_support\dsot\map_results.py,C:\Users\kerb930\Documents\Transactive Energy\Community Engagement\tesp\tesp\src\tesp_support\tesp_support
tesp_support.dsot.plots,C:\Users\kerb930\Documents\Transactive Energy\Community Engagement\tesp\tesp\src\tesp_support\tesp_support\dsot\plots.py,C:\Users\kerb930\Documents\Transactive Energy\Community Engagement\tesp\tesp\src\tesp_support\tesp_support
tesp_support.dsot.pv_agent,C:\Users\kerb930\Documents\Transactive Energy\Community Engagement\tesp\tesp\src\tesp_support\tesp_support\dsot\pv_agent.py,C:\Users\kerb930\Documents\Transactive Energy\Community Engagement\tesp\tesp\src\tesp_support\tesp_support
tesp_support.dsot.residential_feeder_glm,C:\Users\kerb930\Documents\Transactive Energy\Community Engagement\tesp\tesp\src\tesp_support\tesp_support\dsot\residential_feeder_glm.py,C:\Users\kerb930\Documents\Transactive Energy\Community Engagement\tesp\tesp\src\tesp_support\tesp_support
tesp_support.dsot.retail_market,C:\Users\kerb930\Documents\Transactive Energy\Community Engagement\tesp\tesp\src\tesp_support\tesp_support\dsot\retail_market.py,C:\Users\kerb930\Documents\Transactive Energy\Community Engagement\tesp\tesp\src\tesp_support\tesp_support
tesp_support.dsot.sankey,C:\Users\kerb930\Documents\Transactive Energy\Community Engagement\tesp\tesp\src\tesp_support\tesp_support\dsot\sankey.py,C:\Users\kerb930\Documents\Transactive Energy\Community Engagement\tesp\tesp\src\tesp_support\tesp_support
tesp_support.dsot.solar,C:\Users\kerb930\Documents\Transactive Energy\Community Engagement\tesp\tesp\src\tesp_support\tesp_support\dsot\solar.py,C:\Users\kerb930\Documents\Transactive Energy\Community Engagement\tesp\tesp\src\tesp_support\tesp_support
tesp_support.dsot.substation,C:\Users\kerb930\Documents\Transactive Energy\Community Engagement\tesp\tesp\src\tesp_support\tesp_support\dsot\substation.py,C:\Users\kerb930\Documents\Transactive Energy\Community Engagement\tesp\tesp\src\tesp_support\tesp_support
tesp_support.dsot.substation_f,C:\Users\kerb930\Documents\Transactive Energy\Community Engagement\tesp\tesp\src\tesp_support\tesp_support\dsot\substation_f.py,C:\Users\kerb930\Documents\Transactive Energy\Community Engagement\tesp\tesp\src\tesp_support\tesp_support
tesp_support.dsot.tesp_monitor,C:\Users\kerb930\Documents\Transactive Energy\Community Engagement\tesp\tesp\src\tesp_support\tesp_support\dsot\tesp_monitor.py,C:\Users\kerb930\Documents\Transactive Energy\Community Engagement\tesp\tesp\src\tesp_support\tesp_support
tesp_support.dsot.tou,C:\Users\kerb930\Documents\Transactive Energy\Community Engagement\tesp\tesp\src\tesp_support\tesp_support\dsot\tou.py,C:\Users\kerb930\Documents\Transactive Energy\Community Engagement\tesp\tesp\src\tesp_support\tesp_support
tesp_support.dsot.water_heater_agent,C:\Users\kerb930\Documents\Transactive Energy\Community Engagement\tesp\tesp\src\tesp_support\tesp_support\dsot\water_heater_agent.py,C:\Users\kerb930\Documents\Transactive Energy\Community Engagement\tesp\tesp\src\tesp_support\tesp_support
tesp_support.dsot.wind_gen_year,C:\Users\kerb930\Documents\Transactive Energy\Community Engagement\tesp\tesp\src\tesp_support\tesp_support\dsot\wind_gen_year.py,C:\Users\kerb930\Documents\Transactive Energy\Community Engagement\tesp\tesp\src\tesp_support\tesp_support
tesp_support.matpower,C:\Users\kerb930\Documents\Transactive Energy\Community Engagement\tesp\tesp\src\tesp_support\tesp_support\matpower\__init__.py,C:\Users\kerb930\Documents\Transactive Energy\Community Engagement\tesp\tesp\src\tesp_support\tesp_support
tesp_support.matpower.matpower_dict,C:\Users\kerb930\Documents\Transactive Energy\Community Engagement\tesp\tesp\src\tesp_support\tesp_support\matpower\matpower_dict.py,C:\Users\kerb930\Documents\Transactive Energy\Community Engagement\tesp\tesp\src\tesp_support\tesp_support
tesp_support.matpower.process_matpower,C:\Users\kerb930\Documents\Transactive Energy\Community Engagement\tesp\tesp\src\tesp_support\tesp_support\matpower\process_matpower.py,C:\Users\kerb930\Documents\Transactive Energy\Community Engagement\tesp\tesp\src\tesp_support\tesp_support
tesp_support.original,C:\Users\kerb930\Documents\Transactive Energy\Community Engagement\tesp\tesp\src\tesp_support\tesp_support\original\__init__.py,C:\Users\kerb930\Documents\Transactive Energy\Community Engagement\tesp\tesp\src\tesp_support\tesp_support
tesp_support.original.case_merge,C:\Users\kerb930\Documents\Transactive Energy\Community Engagement\tesp\tesp\src\tesp_support\tesp_support\original\case_merge.py,C:\Users\kerb930\Documents\Transactive Energy\Community Engagement\tesp\tesp\src\tesp_support\tesp_support
tesp_support.original.commercial_feeder_glm,C:\Users\kerb930\Documents\Transactive Energy\Community Engagement\tesp\tesp\src\tesp_support\tesp_support\original\commercial_feeder_glm.py,C:\Users\kerb930\Documents\Transactive Energy\Community Engagement\tesp\tesp\src\tesp_support\tesp_support
tesp_support.original.copperplate_feeder_glm,C:\Users\kerb930\Documents\Transactive Energy\Community Engagement\tesp\tesp\src\tesp_support\tesp_support\original\copperplate_feeder_glm.py,C:\Users\kerb930\Documents\Transactive Energy\Community Engagement\tesp\tesp\src\tesp_support\tesp_support
tesp_support.original.curve,C:\Users\kerb930\Documents\Transactive Energy\Community Engagement\tesp\tesp\src\tesp_support\tesp_support\original\curve.py,C:\Users\kerb930\Documents\Transactive Energy\Community Engagement\tesp\tesp\src\tesp_support\tesp_support
tesp_support.original.fncs,C:\Users\kerb930\Documents\Transactive Energy\Community Engagement\tesp\tesp\src\tesp_support\tesp_support\original\fncs.py,C:\Users\kerb930\Documents\Transactive Energy\Community Engagement\tesp\tesp\src\tesp_support\tesp_support
tesp_support.original.glm_dictionary,C:\Users\kerb930\Documents\Transactive Energy\Community Engagement\tesp\tesp\src\tesp_support\tesp_support\original\glm_dictionary.py,C:\Users\kerb930\Documents\Transactive Energy\Community Engagement\tesp\tesp\src\tesp_support\tesp_support
tesp_support.original.hvac_agent,C:\Users\kerb930\Documents\Transactive Energy\Community Engagement\tesp\tesp\src\tesp_support\tesp_support\original\hvac_agent.py,C:\Users\kerb930\Documents\Transactive Energy\Community Engagement\tesp\tesp\src\tesp_support\tesp_support
tesp_support.original.parse_msout,C:\Users\kerb930\Documents\Transactive Energy\Community Engagement\tesp\tesp\src\tesp_support\tesp_support\original\parse_msout.py,C:\Users\kerb930\Documents\Transactive Energy\Community Engagement\tesp\tesp\src\tesp_support\tesp_support
tesp_support.original.player_f,C:\Users\kerb930\Documents\Transactive Energy\Community Engagement\tesp\tesp\src\tesp_support\tesp_support\original\player_f.py,C:\Users\kerb930\Documents\Transactive Energy\Community Engagement\tesp\tesp\src\tesp_support\tesp_support
tesp_support.original.precool,C:\Users\kerb930\Documents\Transactive Energy\Community Engagement\tesp\tesp\src\tesp_support\tesp_support\original\precool.py,C:\Users\kerb930\Documents\Transactive Energy\Community Engagement\tesp\tesp\src\tesp_support\tesp_support
tesp_support.original.prep_eplus,C:\Users\kerb930\Documents\Transactive Energy\Community Engagement\tesp\tesp\src\tesp_support\tesp_support\original\prep_eplus.py,C:\Users\kerb930\Documents\Transactive Energy\Community Engagement\tesp\tesp\src\tesp_support\tesp_support
tesp_support.original.prep_precool,C:\Users\kerb930\Documents\Transactive Energy\Community Engagement\tesp\tesp\src\tesp_support\tesp_support\original\prep_precool.py,C:\Users\kerb930\Documents\Transactive Energy\Community Engagement\tesp\tesp\src\tesp_support\tesp_support
tesp_support.original.prep_substation,C:\Users\kerb930\Documents\Transactive Energy\Community Engagement\tesp\tesp\src\tesp_support\tesp_support\original\prep_substation.py,C:\Users\kerb930\Documents\Transactive Energy\Community Engagement\tesp\tesp\src\tesp_support\tesp_support
tesp_support.original.process_agents,C:\Users\kerb930\Documents\Transactive Energy\Community Engagement\tesp\tesp\src\tesp_support\tesp_support\original\process_agents.py,C:\Users\kerb930\Documents\Transactive Energy\Community Engagement\tesp\tesp\src\tesp_support\tesp_support
tesp_support.original.residential_feeder_glm,C:\Users\kerb930\Documents\Transactive Energy\Community Engagement\tesp\tesp\src\tesp_support\tesp_support\original\residential_feeder_glm.py,C:\Users\kerb930\Documents\Transactive Energy\Community Engagement\tesp\tesp\src\tesp_support\tesp_support
tesp_support.original.simple_auction,C:\Users\kerb930\Documents\Transactive Energy\Community Engagement\tesp\tesp\src\tesp_support\tesp_support\original\simple_auction.py,C:\Users\kerb930\Documents\Transactive Energy\Community Engagement\tesp\tesp\src\tesp_support\tesp_support
tesp_support.original.substation_f,C:\Users\kerb930\Documents\Transactive Energy\Community Engagement\tesp\tesp\src\tesp_support\tesp_support\original\substation_f.py,C:\Users\kerb930\Documents\Transactive Energy\Community Engagement\tesp\tesp\src\tesp_support\tesp_support
tesp_support.original.tesp_case,C:\Users\kerb930\Documents\Transactive Energy\Community Engagement\tesp\tesp\src\tesp_support\tesp_support\original\tesp_case.py,C:\Users\kerb930\Documents\Transactive Energy\Community Engagement\tesp\tesp\src\tesp_support\tesp_support
tesp_support.original.tesp_config,C:\Users\kerb930\Documents\Transactive Energy\Community Engagement\tesp\tesp\src\tesp_support\tesp_support\original\tesp_config.py,C:\Users\kerb930\Documents\Transactive Energy\Community Engagement\tesp\tesp\src\tesp_support\tesp_support
tesp_support.original.tesp_monitor,C:\Users\kerb930\Documents\Transactive Energy\Community Engagement\tesp\tesp\src\tesp_support\tesp_support\original\tesp_monitor.py,C:\Users\kerb930\Documents\Transactive Energy\Community Engagement\tesp\tesp\src\tesp_support\tesp_support
tesp_support.original.tesp_monitor_ercot,C:\Users\kerb930\Documents\Transactive Energy\Community Engagement\tesp\tesp\src\tesp_support\tesp_support\original\tesp_monitor_ercot.py,C:\Users\kerb930\Documents\Transactive Energy\Community Engagement\tesp\tesp\src\tesp_support\tesp_support
tesp_support.original.tso_PYPOWER_f,C:\Users\kerb930\Documents\Transactive Energy\Community Engagement\tesp\tesp\src\tesp_support\tesp_support\original\tso_PYPOWER_f.py,C:\Users\kerb930\Documents\Transactive Energy\Community Engagement\tesp\tesp\src\tesp_support\tesp_support
tesp_support.original.tso_psst_f,C:\Users\kerb930\Documents\Transactive Energy\Community Engagement\tesp\tesp\src\tesp_support\tesp_support\original\tso_psst_f.py,C:\Users\kerb930\Documents\Transactive Energy\Community Engagement\tesp\tesp\src\tesp_support\tesp_support
tesp_support.sgip1,C:\Users\kerb930\Documents\Transactive Energy\Community Engagement\tesp\tesp\src\tesp_support\tesp_support\sgip1\__init__.py,C:\Users\kerb930\Documents\Transactive Energy\Community Engagement\tesp\tesp\src\tesp_support\tesp_support
tesp_support.sgip1.compare_auction,C:\Users\kerb930\Documents\Transactive Energy\Community Engagement\tesp\tesp\src\tesp_support\tesp_support\sgip1\compare_auction.py,C:\Users\kerb930\Documents\Transactive Energy\Community Engagement\tesp\tesp\src\tesp_support\tesp_support
tesp_support.sgip1.compare_csv,C:\Users\kerb930\Documents\Transactive Energy\Community Engagement\tesp\tesp\src\tesp_support\tesp_support\sgip1\compare_csv.py,C:\Users\kerb930\Documents\Transactive Energy\Community Engagement\tesp\tesp\src\tesp_support\tesp_support
tesp_support.sgip1.compare_hvac,C:\Users\kerb930\Documents\Transactive Energy\Community Engagement\tesp\tesp\src\tesp_support\tesp_support\sgip1\compare_hvac.py,C:\Users\kerb930\Documents\Transactive Energy\Community Engagement\tesp\tesp\src\tesp_support\tesp_support
tesp_support.sgip1.compare_prices,C:\Users\kerb930\Documents\Transactive Energy\Community Engagement\tesp\tesp\src\tesp_support\tesp_support\sgip1\compare_prices.py,C:\Users\kerb930\Documents\Transactive Energy\Community Engagement\tesp\tesp\src\tesp_support\tesp_support
tesp_support.sgip1.compare_pypower,C:\Users\kerb930\Documents\Transactive Energy\Community Engagement\tesp\tesp\src\tesp_support\tesp_support\sgip1\compare_pypower.py,C:\Users\kerb930\Documents\Transactive Energy\Community Engagement\tesp\tesp\src\tesp_support\tesp_support
tesp_support.valuation,C:\Users\kerb930\Documents\Transactive Energy\Community Engagement\tesp\tesp\src\tesp_support\tesp_support\valuation\__init__.py,C:\Users\kerb930\Documents\Transactive Energy\Community Engagement\tesp\tesp\src\tesp_support\tesp_support
tesp_support.valuation.TransmissionMetricsProcessor,C:\Users\kerb930\Documents\Transactive Energy\Community Engagement\tesp\tesp\src\tesp_support\tesp_support\valuation\TransmissionMetricsProcessor.py,C:\Users\kerb930\Documents\Transactive Energy\Community Engagement\tesp\tesp\src\tesp_support\tesp_support
tesp_support.weather,C:\Users\kerb930\Documents\Transactive Energy\Community Engagement\tesp\tesp\src\tesp_support\tesp_support\weather\__init__.py,C:\Users\kerb930\Documents\Transactive Energy\Community Engagement\tesp\tesp\src\tesp_support\tesp_support
tesp_support.weather.PSM_download,C:\Users\kerb930\Documents\Transactive Energy\Community Engagement\tesp\tesp\src\tesp_support\tesp_support\weather\PSM_download.py,C:\Users\kerb930\Documents\Transactive Energy\Community Engagement\tesp\tesp\src\tesp_support\tesp_support
tesp_support.weather.PSMv3toDAT,C:\Users\kerb930\Documents\Transactive Energy\Community Engagement\tesp\tesp\src\tesp_support\tesp_support\weather\PSMv3toDAT.py,C:\Users\kerb930\Documents\Transactive Energy\Community Engagement\tesp\tesp\src\tesp_support\tesp_support
tesp_support.weather.TMY3toCSV,C:\Users\kerb930\Documents\Transactive Energy\Community Engagement\tesp\tesp\src\tesp_support\tesp_support\weather\TMY3toCSV.py,C:\Users\kerb930\Documents\Transactive Energy\Community Engagement\tesp\tesp\src\tesp_support\tesp_support
tesp_support.weather.TMYtoEPW,C:\Users\kerb930\Documents\Transactive Energy\Community Engagement\tesp\tesp\src\tesp_support\tesp_support\weather\TMYtoEPW.py,C:\Users\kerb930\Documents\Transactive Energy\Community Engagement\tesp\tesp\src\tesp_support\tesp_support
tesp_support.weather.forecast,C:\Users\kerb930\Documents\Transactive Energy\Community Engagement\tesp\tesp\src\tesp_support\tesp_support\weather\forecast.py,C:\Users\kerb930\Documents\Transactive Energy\Community Engagement\tesp\tesp\src\tesp_support\tesp_support
tesp_support.weather.weather_agent,C:\Users\kerb930\Documents\Transactive Energy\Community Engagement\tesp\tesp\src\tesp_support\tesp_support\weather\weather_agent.py,C:\Users\kerb930\Documents\Transactive Energy\Community Engagement\tesp\tesp\src\tesp_support\tesp_support
tesp_support.weather.weather_agent_f,C:\Users\kerb930\Documents\Transactive Energy\Community Engagement\tesp\tesp\src\tesp_support\tesp_support\weather\weather_agent_f.py,C:\Users\kerb930\Documents\Transactive Energy\Community Engagement\tesp\tesp\src\tesp_support\tesp_support
