# file...... R2_1247_2_t0_transformer_power.csv
# date...... Mon Jan 16 20:01:34 2017
# user...... hard312
# host...... (null)
# target.... transformer 131
# trigger... (none)
# interval.. 900
# limit..... 702720
# timestamp,power_out_A.real,power_out_A.imag,power_out_B.real,power_out_B.imag,power_out_C.real,power_out_C.imag,power_out.real,power_out.imag,power_losses_A.real,power_losses_A.imag,power_losses_B.real,power_losses_B.imag,power_losses_C.real,power_losses_C.imag
2009-01-01 00:00:00 EST,+400706,+34046,+445492,+46974.5,+491953,+47598.7,+1.33815e+06,+128619,+16.7673,+111.764,+19.9821,+133.195,+24.4175,+162.765
