9.999999973814409637e-01,-2.592138546792728976e-05,0.000000000000000000e+00,0.000000000000000000e+00,-3.623494763822639279e-05,1.519241317680333955e-05,3.836037650313452360e-06,2.155046492397064183e-05,0.000000000000000000e+00,0.000000000000000000e+00,0.000000000000000000e+00,0.000000000000000000e+00,0.000000000000000000e+00,0.000000000000000000e+00,0.000000000000000000e+00,0.000000000000000000e+00,-2.423225783579004062e-09,0.000000000000000000e+00,0.000000000000000000e+00
1.311555256449482874e-05,9.999999906306432651e-01,0.000000000000000000e+00,0.000000000000000000e+00,6.738793804616290562e-05,3.504115442871102179e-05,-1.963387316383499441e-05,2.895521044791099968e-05,0.000000000000000000e+00,0.000000000000000000e+00,0.000000000000000000e+00,0.000000000000000000e+00,0.000000000000000000e+00,0.000000000000000000e+00,0.000000000000000000e+00,0.000000000000000000e+00,-4.193001169390077397e-04,0.000000000000000000e+00,0.000000000000000000e+00
0.000000000000000000e+00,0.000000000000000000e+00,9.999731138408071152e-01,0.000000000000000000e+00,0.000000000000000000e+00,0.000000000000000000e+00,0.000000000000000000e+00,0.000000000000000000e+00,2.519509272615484512e-03,-1.096391571160765981e-03,7.770279200156465782e-04,-1.565515534919658227e-03,0.000000000000000000e+00,0.000000000000000000e+00,0.000000000000000000e+00,0.000000000000000000e+00,0.000000000000000000e+00,1.018025399243032564e-02,0.000000000000000000e+00
0.000000000000000000e+00,0.000000000000000000e+00,0.000000000000000000e+00,1.000000003795401105e+00,0.000000000000000000e+00,0.000000000000000000e+00,0.000000000000000000e+00,0.000000000000000000e+00,0.000000000000000000e+00,0.000000000000000000e+00,0.000000000000000000e+00,0.000000000000000000e+00,2.478291852301462458e-04,1.120977933114622108e-04,8.073764512701940132e-05,7.108104347264673957e-05,0.000000000000000000e+00,0.000000000000000000e+00,-3.733895348801949984e-04
1.625059303137045617e-04,1.654092787678038048e-04,0.000000000000000000e+00,0.000000000000000000e+00,9.999997700149995117e-01,4.141450572118397983e-04,-2.646155773157760990e-07,-1.720048411144498880e-04,0.000000000000000000e+00,0.000000000000000000e+00,0.000000000000000000e+00,0.000000000000000000e+00,0.000000000000000000e+00,0.000000000000000000e+00,0.000000000000000000e+00,0.000000000000000000e+00,-4.983230424190736307e-04,0.000000000000000000e+00,0.000000000000000000e+00
3.022658327164744630e-04,4.405214942534103542e-05,0.000000000000000000e+00,0.000000000000000000e+00,-2.221722631084578181e-04,9.999995337608786894e-01,-4.098586240017173545e-04,3.273213820338836266e-07,0.000000000000000000e+00,0.000000000000000000e+00,0.000000000000000000e+00,0.000000000000000000e+00,0.000000000000000000e+00,0.000000000000000000e+00,0.000000000000000000e+00,0.000000000000000000e+00,-3.127796698606394592e-04,0.000000000000000000e+00,0.000000000000000000e+00
1.938191333202631634e-04,9.799689621648463925e-05,0.000000000000000000e+00,0.000000000000000000e+00,-7.749178071830641411e-07,9.189559600989877794e-04,9.999992451029989793e-01,-6.894099628345905792e-04,0.000000000000000000e+00,0.000000000000000000e+00,0.000000000000000000e+00,0.000000000000000000e+00,0.000000000000000000e+00,0.000000000000000000e+00,0.000000000000000000e+00,0.000000000000000000e+00,-5.227335768261243522e-04,0.000000000000000000e+00,0.000000000000000000e+00
-8.011368018832273625e-05,4.840125449344481788e-04,0.000000000000000000e+00,0.000000000000000000e+00,8.253876737504987687e-04,8.500541212393802312e-07,5.507132941029590925e-04,9.999994860927909901e-01,0.000000000000000000e+00,0.000000000000000000e+00,0.000000000000000000e+00,0.000000000000000000e+00,0.000000000000000000e+00,0.000000000000000000e+00,0.000000000000000000e+00,0.000000000000000000e+00,-1.141639385859729867e-03,0.000000000000000000e+00,0.000000000000000000e+00
0.000000000000000000e+00,0.000000000000000000e+00,-5.480973286154930575e-03,0.000000000000000000e+00,0.000000000000000000e+00,0.000000000000000000e+00,0.000000000000000000e+00,0.000000000000000000e+00,9.999839500925178370e-01,1.353492367487971453e-03,-1.124260602021463557e-05,-2.226054205887064222e-03,0.000000000000000000e+00,0.000000000000000000e+00,0.000000000000000000e+00,0.000000000000000000e+00,0.000000000000000000e+00,9.860309409430894831e-03,0.000000000000000000e+00
0.000000000000000000e+00,0.000000000000000000e+00,-1.169622539343630890e-02,0.000000000000000000e+00,0.000000000000000000e+00,0.000000000000000000e+00,0.000000000000000000e+00,0.000000000000000000e+00,-5.764828373813997604e-03,9.999945767789851780e-01,-2.193024334112829866e-03,3.283297710753934972e-05,0.000000000000000000e+00,0.000000000000000000e+00,0.000000000000000000e+00,0.000000000000000000e+00,0.000000000000000000e+00,1.645323762280244059e-02,0.000000000000000000e+00
0.000000000000000000e+00,0.000000000000000000e+00,-3.458107040401068102e-03,0.000000000000000000e+00,0.000000000000000000e+00,0.000000000000000000e+00,0.000000000000000000e+00,0.000000000000000000e+00,-1.902587448846599350e-05,3.732372876130345216e-03,9.999786849734995098e-01,-4.777240083569146700e-03,0.000000000000000000e+00,0.000000000000000000e+00,0.000000000000000000e+00,0.000000000000000000e+00,0.000000000000000000e+00,3.640063865373177870e-03,0.000000000000000000e+00
0.000000000000000000e+00,0.000000000000000000e+00,-8.699859127302986619e-03,0.000000000000000000e+00,0.000000000000000000e+00,0.000000000000000000e+00,0.000000000000000000e+00,0.000000000000000000e+00,-2.307531754473578917e-03,1.328653751944220288e-05,2.265646982263482424e-03,1.000001805979581437e+00,0.000000000000000000e+00,0.000000000000000000e+00,0.000000000000000000e+00,0.000000000000000000e+00,0.000000000000000000e+00,1.142004967435740308e-02,0.000000000000000000e+00
0.000000000000000000e+00,0.000000000000000000e+00,0.000000000000000000e+00,-1.615009849220051146e-04,0.000000000000000000e+00,0.000000000000000000e+00,0.000000000000000000e+00,0.000000000000000000e+00,0.000000000000000000e+00,0.000000000000000000e+00,0.000000000000000000e+00,0.000000000000000000e+00,1.000000291239222960e+00,7.257808069253216801e-04,-6.041860212969264778e-08,-1.591609838556363793e-04,0.000000000000000000e+00,0.000000000000000000e+00,-6.285636738016218712e-04
0.000000000000000000e+00,0.000000000000000000e+00,0.000000000000000000e+00,5.724101575662785771e-04,0.000000000000000000e+00,0.000000000000000000e+00,0.000000000000000000e+00,0.000000000000000000e+00,0.000000000000000000e+00,0.000000000000000000e+00,0.000000000000000000e+00,0.000000000000000000e+00,7.130295735505228372e-04,1.000000412354779877e+00,1.100135052495537075e-04,3.008309195978203028e-08,0.000000000000000000e+00,0.000000000000000000e+00,-2.271613399446100780e-03
0.000000000000000000e+00,0.000000000000000000e+00,0.000000000000000000e+00,7.449210271475032450e-05,0.000000000000000000e+00,0.000000000000000000e+00,0.000000000000000000e+00,0.000000000000000000e+00,0.000000000000000000e+00,0.000000000000000000e+00,0.000000000000000000e+00,0.000000000000000000e+00,1.131329349243848795e-07,1.269558445052010928e-03,9.999996118459308914e-01,-6.904863387382438643e-04,0.000000000000000000e+00,0.000000000000000000e+00,-9.652451164377183999e-04
0.000000000000000000e+00,0.000000000000000000e+00,0.000000000000000000e+00,-6.122300638167276843e-04,0.000000000000000000e+00,0.000000000000000000e+00,0.000000000000000000e+00,0.000000000000000000e+00,0.000000000000000000e+00,0.000000000000000000e+00,0.000000000000000000e+00,0.000000000000000000e+00,1.175643704291434504e-03,1.638899832600842097e-06,7.586560714209586876e-04,9.999993086188542213e-01,0.000000000000000000e+00,0.000000000000000000e+00,-8.032793812648809451e-04
3.786904942732663021e-09,8.064104070488958907e-05,0.000000000000000000e+00,0.000000000000000000e+00,2.545587471506627138e-06,1.190848370597123431e-05,-4.977543207035167029e-06,3.989944713703122475e-06,0.000000000000000000e+00,0.000000000000000000e+00,0.000000000000000000e+00,0.000000000000000000e+00,0.000000000000000000e+00,0.000000000000000000e+00,0.000000000000000000e+00,0.000000000000000000e+00,9.999999592484624111e-01,0.000000000000000000e+00,0.000000000000000000e+00
0.000000000000000000e+00,0.000000000000000000e+00,-3.613541685297560948e-03,0.000000000000000000e+00,0.000000000000000000e+00,0.000000000000000000e+00,0.000000000000000000e+00,0.000000000000000000e+00,3.129292473968743745e-05,-1.383828930545864897e-04,1.008869683389055163e-04,-5.202557627187335068e-04,0.000000000000000000e+00,0.000000000000000000e+00,0.000000000000000000e+00,0.000000000000000000e+00,0.000000000000000000e+00,9.999555650163866050e-01,0.000000000000000000e+00
0.000000000000000000e+00,0.000000000000000000e+00,0.000000000000000000e+00,-4.642362386055583852e-05,0.000000000000000000e+00,0.000000000000000000e+00,0.000000000000000000e+00,0.000000000000000000e+00,0.000000000000000000e+00,0.000000000000000000e+00,0.000000000000000000e+00,0.000000000000000000e+00,-1.566854128672468586e-06,1.360058299045855063e-04,1.023025257384266303e-05,-7.873972847479000466e-05,0.000000000000000000e+00,0.000000000000000000e+00,9.999997627446614024e-01
1.000037561232188343e+00,1.000303612363630190e+00,9.894308208539301930e-01,9.998649116836629824e-01,9.999370516097829675e-01,1.000636692513483306e+00,1.000026867808109676e+00,9.994105386875492547e-01,9.947153348671743389e-01,1.001758789047069387e+00,1.000540506671252272e+00,9.955542610674914528e-01,1.000179636750129664e+00,1.000731427903747139e+00,1.000217103520230744e+00,9.994889794982161346e-01,9.999053861170729141e-01,1.004001511509929001e+00,9.999787483631707996e-01
0.000000000000000000e+00,0.000000000000000000e+00,0.000000000000000000e+00,0.000000000000000000e+00,1.007235642201212656e-06,-3.014415815473598246e-05,-1.647208617264844146e-05,-3.200236493149519532e-05,2.148239378197826493e-03,1.516109766443802815e-03,4.993529408612937129e-04,2.257552505729170690e-03,5.311961441926233915e-05,1.797121920036434564e-04,1.045060504252395372e-04,9.147510808920377012e-06,2.865827988601271037e-06,2.718895067525285421e-04,1.770224006724418422e-06
2.555451210654375910e-06,3.440739295804725632e-06,7.708727883922356482e-08,3.201337366975047550e-06,2.431291353372853605e-05,3.771435569613956681e-05,2.391414138514465540e-05,3.761222323433213418e-05,5.365984351394764832e-07,5.811249755378696266e-07,1.881364753834189006e-07,6.938761527960724089e-07,2.219309940158566908e-05,3.445755780686930383e-05,2.262147280241554121e-05,3.486706820708083558e-05,5.658597449042339661e-06,2.189521771458212690e-07,5.602713587373668587e-06
-2.204007566809211181e-05,0.000000000000000000e+00,0.000000000000000000e+00,0.000000000000000000e+00,0.000000000000000000e+00,0.000000000000000000e+00,0.000000000000000000e+00,0.000000000000000000e+00,0.000000000000000000e+00,0.000000000000000000e+00,0.000000000000000000e+00,0.000000000000000000e+00,0.000000000000000000e+00,0.000000000000000000e+00,0.000000000000000000e+00,0.000000000000000000e+00,0.000000000000000000e+00,0.000000000000000000e+00,0.000000000000000000e+00
