{"Metadata": {"clearing_price": {"units": "USD", "index": 0}, "clearing_type": {"units": "[0..5]=[Null,Fail,Price,Exact,Seller,Buyer]", "index": 1}, "consumer_surplus": {"units": "USD", "index": 2}, "average_consumer_surplus": {"units": "USD", "index": 3}, "supplier_surplus": {"units": "USD", "index": 4}}, "StartTime": "2013-07-01 00:00:00 -0800", "300": {"Market_1": [0.02078, 0, 0.0, 0.0, 0.0]}, "600": {"Market_1": [0.02078, 0, 0.0, 0.0, 0.0]}, "900": {"Market_1": [0.02078, 0, 0.0, 0.0, 0.0]}, "1200": {"Market_1": [0.02078, 0, 0.0, 0.0, 0.0]}, "1500": {"Market_1": [0.02078, 0, 0.0, 0.0, 0.0]}, "1800": {"Market_1": [0.02078, 0, 0.0, 0.0, 0.0]}, "2100": {"Market_1": [0.02078, 0, 0.0, 0.0, 0.0]}, "2400": {"Market_1": [0.02078, 0, 0.0, 0.0, 0.0]}, "2700": {"Market_1": [0.02078, 0, 0.0, 0.0, 0.0]}, "3000": {"Market_1": [0.02078, 0, 0.0, 0.0, 0.0]}, "3300": {"Market_1": [0.02078, 0, 0.0, 0.0, 0.0]}, "3600": {"Market_1": [0.02078, 0, 0.0, 0.0, 0.0]}, "3900": {"Market_1": [0.02078, 0, 0.0, 0.0, 0.0]}, "4200": {"Market_1": [0.02078, 0, 0.0, 0.0, 0.0]}, "4500": {"Market_1": [0.02078, 0, 0.0, 0.0, 0.0]}, "4800": {"Market_1": [0.02078, 0, 0.0, 0.0, 0.0]}, "5100": {"Market_1": [0.02078, 0, 0.0, 0.0, 0.0]}, "5400": {"Market_1": [0.02078, 0, 0.0, 0.0, 0.0]}, "5700": {"Market_1": [0.02078, 0, 0.0, 0.0, 0.0]}, "6000": {"Market_1": [0.02078, 0, 0.0, 0.0, 0.0]}, "6300": {"Market_1": [0.02078, 0, 0.0, 0.0, 0.0]}, "6600": {"Market_1": [0.02078, 0, 0.0, 0.0, 0.0]}, "6900": {"Market_1": [0.02078, 0, 0.0, 0.0, 0.0]}, "7200": {"Market_1": [0.02078, 0, 0.0, 0.0, 0.0]}, "7500": {"Market_1": [0.02078, 0, 0.0, 0.0, 0.0]}, "7800": {"Market_1": [0.02078, 0, 0.0, 0.0, 0.0]}, "8100": {"Market_1": [0.02078, 0, 0.0, 0.0, 0.0]}, "8400": {"Market_1": [0.02078, 0, 0.0, 0.0, 0.0]}, "8700": {"Market_1": [0.02078, 0, 0.0, 0.0, 0.0]}, "9000": {"Market_1": [0.02078, 0, 0.0, 0.0, 0.0]}, "9300": {"Market_1": [0.02078, 0, 0.0, 0.0, 0.0]}, "9600": {"Market_1": [0.02078, 0, 0.0, 0.0, 0.0]}, "9900": {"Market_1": [0.02078, 0, 0.0, 0.0, 0.0]}, "10200": {"Market_1": [0.02078, 0, 0.0, 0.0, 0.0]}, "10500": {"Market_1": [0.02078, 0, 0.0, 0.0, 0.0]}, "10800": {"Market_1": [0.02078, 0, 0.0, 0.0, 0.0]}, "11100": {"Market_1": [0.02078, 0, 0.0, 0.0, 0.0]}, "11400": {"Market_1": [0.02078, 0, 0.0, 0.0, 0.0]}, "11700": {"Market_1": [0.02078, 0, 0.0, 0.0, 0.0]}, "12000": {"Market_1": [0.02078, 0, 0.0, 0.0, 0.0]}, "12300": {"Market_1": [0.02078, 0, 0.0, 0.0, 0.0]}, "12600": {"Market_1": [0.02078, 0, 0.0, 0.0, 0.0]}, "12900": {"Market_1": [0.02078, 0, 0.0, 0.0, 0.0]}, "13200": {"Market_1": [0.02078, 0, 0.0, 0.0, 0.0]}, "13500": {"Market_1": [0.02078, 0, 0.0, 0.0, 0.0]}, "13800": {"Market_1": [0.02078, 0, 0.0, 0.0, 0.0]}, "14100": {"Market_1": [0.02078, 0, 0.0, 0.0, 0.0]}, "14400": {"Market_1": [0.02078, 0, 0.0, 0.0, 0.0]}, "14700": {"Market_1": [0.02078, 0, 0.0, 0.0, 0.0]}, "15000": {"Market_1": [0.02078, 0, 0.0, 0.0, 0.0]}, "15300": {"Market_1": [0.02078, 0, 0.0, 0.0, 0.0]}, "15600": {"Market_1": [0.02078, 0, 0.0, 0.0, 0.0]}, "15900": {"Market_1": [0.02078, 0, 0.0, 0.0, 0.0]}, "16200": {"Market_1": [0.02078, 0, 0.0, 0.0, 0.0]}, "16500": {"Market_1": [0.02078, 0, 0.0, 0.0, 0.0]}, "16800": {"Market_1": [0.02078, 0, 0.0, 0.0, 0.0]}, "17100": {"Market_1": [0.02078, 0, 0.0, 0.0, 0.0]}, "17400": {"Market_1": [0.02078, 0, 0.0, 0.0, 0.0]}, "17700": {"Market_1": [0.02078, 0, 0.0, 0.0, 0.0]}, "18000": {"Market_1": [0.02078, 0, 0.0, 0.0, 0.0]}, "18300": {"Market_1": [0.02078, 0, 0.0, 0.0, 0.0]}, "18600": {"Market_1": [0.02078, 0, 0.0, 0.0, 0.0]}, "18900": {"Market_1": [0.02078, 0, 0.0, 0.0, 0.0]}, "19200": {"Market_1": [0.02078, 0, 0.0, 0.0, 0.0]}, "19500": {"Market_1": [0.02078, 0, 0.0, 0.0, 0.0]}, "19800": {"Market_1": [0.02078, 0, 0.0, 0.0, 0.0]}, "20100": {"Market_1": [0.02078, 0, 0.0, 0.0, 0.0]}, "20400": {"Market_1": [0.02078, 0, 0.0, 0.0, 0.0]}, "20700": {"Market_1": [0.02078, 0, 0.0, 0.0, 0.0]}, "21000": {"Market_1": [0.02078, 0, 0.0, 0.0, 0.0]}, "21300": {"Market_1": [0.02078, 0, 0.0, 0.0, 0.0]}, "21600": {"Market_1": [0.02078, 0, 0.0, 0.0, 0.0]}, "21900": {"Market_1": [0.02078, 0, 0.0, 0.0, 0.0]}, "22200": {"Market_1": [0.02078, 0, 0.0, 0.0, 0.0]}, "22500": {"Market_1": [0.02078, 0, 0.0, 0.0, 0.0]}, "22800": {"Market_1": [0.02078, 0, 0.0, 0.0, 0.0]}, "23100": {"Market_1": [0.02078, 0, 0.0, 0.0, 0.0]}, "23400": {"Market_1": [0.02078, 0, 0.0, 0.0, 0.0]}, "23700": {"Market_1": [0.02078, 0, 0.0, 0.0, 0.0]}, "24000": {"Market_1": [0.02078, 0, 0.0, 0.0, 0.0]}, "24300": {"Market_1": [0.02078, 0, 0.0, 0.0, 0.0]}, "24600": {"Market_1": [0.02078, 0, 0.0, 0.0, 0.0]}, "24900": {"Market_1": [0.02078, 0, 0.0, 0.0, 0.0]}, "25200": {"Market_1": [0.02078, 0, 0.0, 0.0, 0.0]}, "25500": {"Market_1": [0.02078, 0, 0.0, 0.0, 0.0]}, "25800": {"Market_1": [0.02078, 0, 0.0, 0.0, 0.0]}, "26100": {"Market_1": [0.02078, 0, 0.0, 0.0, 0.0]}, "26400": {"Market_1": [0.02078, 0, 0.0, 0.0, 0.0]}, "26700": {"Market_1": [0.02078, 0, 0.0, 0.0, 0.0]}, "27000": {"Market_1": [0.02078, 0, 0.0, 0.0, 0.0]}, "27300": {"Market_1": [0.02078, 0, 0.0, 0.0, 0.0]}, "27600": {"Market_1": [0.02078, 0, 0.0, 0.0, 0.0]}, "27900": {"Market_1": [0.02078, 0, 0.0, 0.0, 0.0]}, "28200": {"Market_1": [0.02078, 0, 0.0, 0.0, 0.0]}, "28500": {"Market_1": [0.02078, 0, 0.0, 0.0, 0.0]}, "28800": {"Market_1": [0.02078, 0, 0.0, 0.0, 0.0]}, "29100": {"Market_1": [0.02078, 0, 0.0, 0.0, 0.0]}, "29400": {"Market_1": [0.02078, 0, 0.0, 0.0, 0.0]}, "29700": {"Market_1": [0.02078, 0, 0.0, 0.0, 0.0]}, "30000": {"Market_1": [0.02078, 0, 0.0, 0.0, 0.0]}, "30300": {"Market_1": [0.02078, 0, 0.0, 0.0, 0.0]}, "30600": {"Market_1": [0.02078, 0, 0.0, 0.0, 0.0]}, "30900": {"Market_1": [0.02078, 0, 0.0, 0.0, 0.0]}, "31200": {"Market_1": [0.02078, 0, 0.0, 0.0, 0.0]}, "31500": {"Market_1": [0.02078, 0, 0.0, 0.0, 0.0]}, "31800": {"Market_1": [0.02078, 0, 0.0, 0.0, 0.0]}, "32100": {"Market_1": [0.02078, 0, 0.0, 0.0, 0.0]}, "32400": {"Market_1": [0.02078, 0, 0.0, 0.0, 0.0]}, "32700": {"Market_1": [0.02078, 0, 0.0, 0.0, 0.0]}, "33000": {"Market_1": [0.02078, 0, 0.0, 0.0, 0.0]}, "33300": {"Market_1": [0.02078, 0, 0.0, 0.0, 0.0]}, "33600": {"Market_1": [0.02078, 0, 0.0, 0.0, 0.0]}, "33900": {"Market_1": [0.02078, 0, 0.0, 0.0, 0.0]}, "34200": {"Market_1": [0.02078, 0, 0.0, 0.0, 0.0]}, "34500": {"Market_1": [0.02078, 0, 0.0, 0.0, 0.0]}, "34800": {"Market_1": [0.02078, 0, 0.0, 0.0, 0.0]}, "35100": {"Market_1": [0.02078, 0, 0.0, 0.0, 0.0]}, "35400": {"Market_1": [0.02078, 0, 0.0, 0.0, 0.0]}, "35700": {"Market_1": [0.02078, 0, 0.0, 0.0, 0.0]}, "36000": {"Market_1": [0.02078, 0, 0.0, 0.0, 0.0]}, "36300": {"Market_1": [0.02078, 0, 0.0, 0.0, 0.0]}, "36600": {"Market_1": [0.02078, 0, 0.0, 0.0, 0.0]}, "36900": {"Market_1": [0.02078, 0, 0.0, 0.0, 0.0]}, "37200": {"Market_1": [0.02078, 0, 0.0, 0.0, 0.0]}, "37500": {"Market_1": [0.02078, 0, 0.0, 0.0, 0.0]}, "37800": {"Market_1": [0.02078, 0, 0.0, 0.0, 0.0]}, "38100": {"Market_1": [0.02078, 0, 0.0, 0.0, 0.0]}, "38400": {"Market_1": [0.02078, 0, 0.0, 0.0, 0.0]}, "38700": {"Market_1": [0.02078, 0, 0.0, 0.0, 0.0]}, "39000": {"Market_1": [0.02078, 0, 0.0, 0.0, 0.0]}, "39300": {"Market_1": [0.02078, 0, 0.0, 0.0, 0.0]}, "39600": {"Market_1": [0.02078, 0, 0.0, 0.0, 0.0]}, "39900": {"Market_1": [0.02078, 0, 0.0, 0.0, 0.0]}, "40200": {"Market_1": [0.02078, 0, 0.0, 0.0, 0.0]}, "40500": {"Market_1": [0.02078, 0, 0.0, 0.0, 0.0]}, "40800": {"Market_1": [0.02078, 0, 0.0, 0.0, 0.0]}, "41100": {"Market_1": [0.02078, 0, 0.0, 0.0, 0.0]}, "41400": {"Market_1": [0.02078, 0, 0.0, 0.0, 0.0]}, "41700": {"Market_1": [0.02078, 0, 0.0, 0.0, 0.0]}, "42000": {"Market_1": [0.02078, 0, 0.0, 0.0, 0.0]}, "42300": {"Market_1": [0.02078, 0, 0.0, 0.0, 0.0]}, "42600": {"Market_1": [0.02078, 0, 0.0, 0.0, 0.0]}, "42900": {"Market_1": [0.02078, 0, 0.0, 0.0, 0.0]}, "43200": {"Market_1": [0.02078, 0, 0.0, 0.0, 0.0]}, "43500": {"Market_1": [0.02078, 0, 0.0, 0.0, 0.0]}, "43800": {"Market_1": [0.02078, 0, 0.0, 0.0, 0.0]}, "44100": {"Market_1": [0.02078, 0, 0.0, 0.0, 0.0]}, "44400": {"Market_1": [0.02078, 0, 0.0, 0.0, 0.0]}, "44700": {"Market_1": [0.02078, 0, 0.0, 0.0, 0.0]}, "45000": {"Market_1": [0.02078, 0, 0.0, 0.0, 0.0]}, "45300": {"Market_1": [0.02078, 0, 0.0, 0.0, 0.0]}, "45600": {"Market_1": [0.02078, 0, 0.0, 0.0, 0.0]}, "45900": {"Market_1": [0.02078, 0, 0.0, 0.0, 0.0]}, "46200": {"Market_1": [0.02078, 0, 0.0, 0.0, 0.0]}, "46500": {"Market_1": [0.02078, 0, 0.0, 0.0, 0.0]}, "46800": {"Market_1": [0.02078, 0, 0.0, 0.0, 0.0]}, "47100": {"Market_1": [0.02078, 0, 0.0, 0.0, 0.0]}, "47400": {"Market_1": [0.02078, 0, 0.0, 0.0, 0.0]}, "47700": {"Market_1": [0.02078, 0, 0.0, 0.0, 0.0]}, "48000": {"Market_1": [0.02078, 0, 0.0, 0.0, 0.0]}, "48300": {"Market_1": [0.02078, 0, 0.0, 0.0, 0.0]}, "48600": {"Market_1": [0.02078, 0, 0.0, 0.0, 0.0]}, "48900": {"Market_1": [0.02078, 0, 0.0, 0.0, 0.0]}, "49200": {"Market_1": [0.02078, 0, 0.0, 0.0, 0.0]}, "49500": {"Market_1": [0.02078, 0, 0.0, 0.0, 0.0]}, "49800": {"Market_1": [0.02078, 0, 0.0, 0.0, 0.0]}, "50100": {"Market_1": [0.02078, 0, 0.0, 0.0, 0.0]}, "50400": {"Market_1": [0.02078, 0, 0.0, 0.0, 0.0]}, "50700": {"Market_1": [0.02078, 0, 0.0, 0.0, 0.0]}, "51000": {"Market_1": [0.02078, 0, 0.0, 0.0, 0.0]}, "51300": {"Market_1": [0.02078, 0, 0.0, 0.0, 0.0]}, "51600": {"Market_1": [0.02078, 0, 0.0, 0.0, 0.0]}, "51900": {"Market_1": [0.02078, 0, 0.0, 0.0, 0.0]}, "52200": {"Market_1": [0.02078, 0, 0.0, 0.0, 0.0]}, "52500": {"Market_1": [0.02078, 0, 0.0, 0.0, 0.0]}, "52800": {"Market_1": [0.02078, 0, 0.0, 0.0, 0.0]}, "53100": {"Market_1": [0.02078, 0, 0.0, 0.0, 0.0]}, "53400": {"Market_1": [0.02078, 0, 0.0, 0.0, 0.0]}, "53700": {"Market_1": [0.02078, 0, 0.0, 0.0, 0.0]}, "54000": {"Market_1": [0.02078, 0, 0.0, 0.0, 0.0]}, "54300": {"Market_1": [0.02078, 0, 0.0, 0.0, 0.0]}, "54600": {"Market_1": [0.02078, 0, 0.0, 0.0, 0.0]}, "54900": {"Market_1": [0.02078, 0, 0.0, 0.0, 0.0]}, "55200": {"Market_1": [0.02078, 0, 0.0, 0.0, 0.0]}, "55500": {"Market_1": [0.02078, 0, 0.0, 0.0, 0.0]}, "55800": {"Market_1": [0.02078, 0, 0.0, 0.0, 0.0]}, "56100": {"Market_1": [0.02078, 0, 0.0, 0.0, 0.0]}, "56400": {"Market_1": [0.02078, 0, 0.0, 0.0, 0.0]}, "56700": {"Market_1": [0.02078, 0, 0.0, 0.0, 0.0]}, "57000": {"Market_1": [0.02078, 0, 0.0, 0.0, 0.0]}, "57300": {"Market_1": [0.02078, 0, 0.0, 0.0, 0.0]}, "57600": {"Market_1": [0.02078, 0, 0.0, 0.0, 0.0]}, "57900": {"Market_1": [0.02078, 0, 0.0, 0.0, 0.0]}, "58200": {"Market_1": [0.02078, 0, 0.0, 0.0, 0.0]}, "58500": {"Market_1": [0.02078, 0, 0.0, 0.0, 0.0]}, "58800": {"Market_1": [0.02078, 0, 0.0, 0.0, 0.0]}, "59100": {"Market_1": [0.02078, 0, 0.0, 0.0, 0.0]}, "59400": {"Market_1": [0.02078, 0, 0.0, 0.0, 0.0]}, "59700": {"Market_1": [0.02078, 0, 0.0, 0.0, 0.0]}, "60000": {"Market_1": [0.02078, 0, 0.0, 0.0, 0.0]}, "60300": {"Market_1": [0.02078, 0, 0.0, 0.0, 0.0]}, "60600": {"Market_1": [0.02078, 0, 0.0, 0.0, 0.0]}, "60900": {"Market_1": [0.02078, 0, 0.0, 0.0, 0.0]}, "61200": {"Market_1": [0.02078, 0, 0.0, 0.0, 0.0]}, "61500": {"Market_1": [0.02078, 0, 0.0, 0.0, 0.0]}, "61800": {"Market_1": [0.02078, 0, 0.0, 0.0, 0.0]}, "62100": {"Market_1": [0.02078, 0, 0.0, 0.0, 0.0]}, "62400": {"Market_1": [0.02078, 0, 0.0, 0.0, 0.0]}, "62700": {"Market_1": [0.02078, 0, 0.0, 0.0, 0.0]}, "63000": {"Market_1": [0.02078, 0, 0.0, 0.0, 0.0]}, "63300": {"Market_1": [0.02078, 0, 0.0, 0.0, 0.0]}, "63600": {"Market_1": [0.02078, 0, 0.0, 0.0, 0.0]}, "63900": {"Market_1": [0.02078, 0, 0.0, 0.0, 0.0]}, "64200": {"Market_1": [0.02078, 0, 0.0, 0.0, 0.0]}, "64500": {"Market_1": [0.02078, 0, 0.0, 0.0, 0.0]}, "64800": {"Market_1": [0.02078, 0, 0.0, 0.0, 0.0]}, "65100": {"Market_1": [0.02078, 0, 0.0, 0.0, 0.0]}, "65400": {"Market_1": [0.02078, 0, 0.0, 0.0, 0.0]}, "65700": {"Market_1": [0.02078, 0, 0.0, 0.0, 0.0]}, "66000": {"Market_1": [0.02078, 0, 0.0, 0.0, 0.0]}, "66300": {"Market_1": [0.02078, 0, 0.0, 0.0, 0.0]}, "66600": {"Market_1": [0.02078, 0, 0.0, 0.0, 0.0]}, "66900": {"Market_1": [0.02078, 0, 0.0, 0.0, 0.0]}, "67200": {"Market_1": [0.02078, 0, 0.0, 0.0, 0.0]}, "67500": {"Market_1": [0.02078, 0, 0.0, 0.0, 0.0]}, "67800": {"Market_1": [0.02078, 0, 0.0, 0.0, 0.0]}, "68100": {"Market_1": [0.02078, 0, 0.0, 0.0, 0.0]}, "68400": {"Market_1": [0.02078, 0, 0.0, 0.0, 0.0]}, "68700": {"Market_1": [0.02078, 0, 0.0, 0.0, 0.0]}, "69000": {"Market_1": [0.02078, 0, 0.0, 0.0, 0.0]}, "69300": {"Market_1": [0.02078, 0, 0.0, 0.0, 0.0]}, "69600": {"Market_1": [0.02078, 0, 0.0, 0.0, 0.0]}, "69900": {"Market_1": [0.02078, 0, 0.0, 0.0, 0.0]}, "70200": {"Market_1": [0.02078, 0, 0.0, 0.0, 0.0]}, "70500": {"Market_1": [0.02078, 0, 0.0, 0.0, 0.0]}, "70800": {"Market_1": [0.02078, 0, 0.0, 0.0, 0.0]}, "71100": {"Market_1": [0.02078, 0, 0.0, 0.0, 0.0]}, "71400": {"Market_1": [0.02078, 0, 0.0, 0.0, 0.0]}, "71700": {"Market_1": [0.02078, 0, 0.0, 0.0, 0.0]}, "72000": {"Market_1": [0.02078, 0, 0.0, 0.0, 0.0]}, "72300": {"Market_1": [0.02078, 0, 0.0, 0.0, 0.0]}, "72600": {"Market_1": [0.02078, 0, 0.0, 0.0, 0.0]}, "72900": {"Market_1": [0.02078, 0, 0.0, 0.0, 0.0]}, "73200": {"Market_1": [0.02078, 0, 0.0, 0.0, 0.0]}, "73500": {"Market_1": [0.02078, 0, 0.0, 0.0, 0.0]}, "73800": {"Market_1": [0.02078, 0, 0.0, 0.0, 0.0]}, "74100": {"Market_1": [0.02078, 0, 0.0, 0.0, 0.0]}, "74400": {"Market_1": [0.02078, 0, 0.0, 0.0, 0.0]}, "74700": {"Market_1": [0.02078, 0, 0.0, 0.0, 0.0]}, "75000": {"Market_1": [0.02078, 0, 0.0, 0.0, 0.0]}, "75300": {"Market_1": [0.02078, 0, 0.0, 0.0, 0.0]}, "75600": {"Market_1": [0.02078, 0, 0.0, 0.0, 0.0]}, "75900": {"Market_1": [0.02078, 0, 0.0, 0.0, 0.0]}, "76200": {"Market_1": [0.02078, 0, 0.0, 0.0, 0.0]}, "76500": {"Market_1": [0.02078, 0, 0.0, 0.0, 0.0]}, "76800": {"Market_1": [0.02078, 0, 0.0, 0.0, 0.0]}, "77100": {"Market_1": [0.02078, 0, 0.0, 0.0, 0.0]}, "77400": {"Market_1": [0.02078, 0, 0.0, 0.0, 0.0]}, "77700": {"Market_1": [0.02078, 0, 0.0, 0.0, 0.0]}, "78000": {"Market_1": [0.02078, 0, 0.0, 0.0, 0.0]}, "78300": {"Market_1": [0.02078, 0, 0.0, 0.0, 0.0]}, "78600": {"Market_1": [0.02078, 0, 0.0, 0.0, 0.0]}, "78900": {"Market_1": [0.02078, 0, 0.0, 0.0, 0.0]}, "79200": {"Market_1": [0.02078, 0, 0.0, 0.0, 0.0]}, "79500": {"Market_1": [0.02078, 0, 0.0, 0.0, 0.0]}, "79800": {"Market_1": [0.02078, 0, 0.0, 0.0, 0.0]}, "80100": {"Market_1": [0.02078, 0, 0.0, 0.0, 0.0]}, "80400": {"Market_1": [0.02078, 0, 0.0, 0.0, 0.0]}, "80700": {"Market_1": [0.02078, 0, 0.0, 0.0, 0.0]}, "81000": {"Market_1": [0.02078, 0, 0.0, 0.0, 0.0]}, "81300": {"Market_1": [0.02078, 0, 0.0, 0.0, 0.0]}, "81600": {"Market_1": [0.02078, 0, 0.0, 0.0, 0.0]}, "81900": {"Market_1": [0.02078, 0, 0.0, 0.0, 0.0]}, "82200": {"Market_1": [0.02078, 0, 0.0, 0.0, 0.0]}, "82500": {"Market_1": [0.02078, 0, 0.0, 0.0, 0.0]}, "82800": {"Market_1": [0.02078, 0, 0.0, 0.0, 0.0]}, "83100": {"Market_1": [0.02078, 0, 0.0, 0.0, 0.0]}, "83400": {"Market_1": [0.02078, 0, 0.0, 0.0, 0.0]}, "83700": {"Market_1": [0.02078, 0, 0.0, 0.0, 0.0]}, "84000": {"Market_1": [0.02078, 0, 0.0, 0.0, 0.0]}, "84300": {"Market_1": [0.02078, 0, 0.0, 0.0, 0.0]}, "84600": {"Market_1": [0.02078, 0, 0.0, 0.0, 0.0]}, "84900": {"Market_1": [0.02078, 0, 0.0, 0.0, 0.0]}, "85200": {"Market_1": [0.02078, 0, 0.0, 0.0, 0.0]}, "85500": {"Market_1": [0.02078, 0, 0.0, 0.0, 0.0]}, "85800": {"Market_1": [0.02078, 0, 0.0, 0.0, 0.0]}, "86100": {"Market_1": [0.02078, 0, 0.0, 0.0, 0.0]}, "86400": {"Market_1": [0.02078, 0, 0.0, 0.0, 0.0]}, "86700": {"Market_1": [0.02078, 0, 0.0, 0.0, 0.0]}, "87000": {"Market_1": [0.02078, 0, 0.0, 0.0, 0.0]}, "87300": {"Market_1": [0.02078, 0, 0.0, 0.0, 0.0]}, "87600": {"Market_1": [0.02078, 0, 0.0, 0.0, 0.0]}, "87900": {"Market_1": [0.02078, 0, 0.0, 0.0, 0.0]}, "88200": {"Market_1": [0.02078, 0, 0.0, 0.0, 0.0]}, "88500": {"Market_1": [0.02078, 0, 0.0, 0.0, 0.0]}, "88800": {"Market_1": [0.02078, 0, 0.0, 0.0, 0.0]}, "89100": {"Market_1": [0.02078, 0, 0.0, 0.0, 0.0]}, "89400": {"Market_1": [0.02078, 0, 0.0, 0.0, 0.0]}, "89700": {"Market_1": [0.02078, 0, 0.0, 0.0, 0.0]}, "90000": {"Market_1": [0.02078, 0, 0.0, 0.0, 0.0]}, "90300": {"Market_1": [0.02078, 0, 0.0, 0.0, 0.0]}, "90600": {"Market_1": [0.02078, 0, 0.0, 0.0, 0.0]}, "90900": {"Market_1": [0.02078, 0, 0.0, 0.0, 0.0]}, "91200": {"Market_1": [0.02078, 0, 0.0, 0.0, 0.0]}, "91500": {"Market_1": [0.02078, 0, 0.0, 0.0, 0.0]}, "91800": {"Market_1": [0.02078, 0, 0.0, 0.0, 0.0]}, "92100": {"Market_1": [0.02078, 0, 0.0, 0.0, 0.0]}, "92400": {"Market_1": [0.02078, 0, 0.0, 0.0, 0.0]}, "92700": {"Market_1": [0.02078, 0, 0.0, 0.0, 0.0]}, "93000": {"Market_1": [0.02078, 0, 0.0, 0.0, 0.0]}, "93300": {"Market_1": [0.02078, 0, 0.0, 0.0, 0.0]}, "93600": {"Market_1": [0.02078, 0, 0.0, 0.0, 0.0]}, "93900": {"Market_1": [0.02078, 0, 0.0, 0.0, 0.0]}, "94200": {"Market_1": [0.02078, 0, 0.0, 0.0, 0.0]}, "94500": {"Market_1": [0.02078, 0, 0.0, 0.0, 0.0]}, "94800": {"Market_1": [0.02078, 0, 0.0, 0.0, 0.0]}, "95100": {"Market_1": [0.02078, 0, 0.0, 0.0, 0.0]}, "95400": {"Market_1": [0.02078, 0, 0.0, 0.0, 0.0]}, "95700": {"Market_1": [0.02078, 0, 0.0, 0.0, 0.0]}, "96000": {"Market_1": [0.02078, 0, 0.0, 0.0, 0.0]}, "96300": {"Market_1": [0.02078, 0, 0.0, 0.0, 0.0]}, "96600": {"Market_1": [0.02078, 0, 0.0, 0.0, 0.0]}, "96900": {"Market_1": [0.02078, 0, 0.0, 0.0, 0.0]}, "97200": {"Market_1": [0.02078, 0, 0.0, 0.0, 0.0]}, "97500": {"Market_1": [0.02078, 0, 0.0, 0.0, 0.0]}, "97800": {"Market_1": [0.02078, 0, 0.0, 0.0, 0.0]}, "98100": {"Market_1": [0.02078, 0, 0.0, 0.0, 0.0]}, "98400": {"Market_1": [0.02078, 0, 0.0, 0.0, 0.0]}, "98700": {"Market_1": [0.02078, 0, 0.0, 0.0, 0.0]}, "99000": {"Market_1": [0.02078, 0, 0.0, 0.0, 0.0]}, "99300": {"Market_1": [0.02078, 0, 0.0, 0.0, 0.0]}, "99600": {"Market_1": [0.02078, 0, 0.0, 0.0, 0.0]}, "99900": {"Market_1": [0.02078, 0, 0.0, 0.0, 0.0]}, "100200": {"Market_1": [0.02078, 0, 0.0, 0.0, 0.0]}, "100500": {"Market_1": [0.02078, 0, 0.0, 0.0, 0.0]}, "100800": {"Market_1": [0.02078, 0, 0.0, 0.0, 0.0]}, "101100": {"Market_1": [0.02078, 0, 0.0, 0.0, 0.0]}, "101400": {"Market_1": [0.02078, 0, 0.0, 0.0, 0.0]}, "101700": {"Market_1": [0.02078, 0, 0.0, 0.0, 0.0]}, "102000": {"Market_1": [0.02078, 0, 0.0, 0.0, 0.0]}, "102300": {"Market_1": [0.02078, 0, 0.0, 0.0, 0.0]}, "102600": {"Market_1": [0.02078, 0, 0.0, 0.0, 0.0]}, "102900": {"Market_1": [0.02078, 0, 0.0, 0.0, 0.0]}, "103200": {"Market_1": [0.02078, 0, 0.0, 0.0, 0.0]}, "103500": {"Market_1": [0.02078, 0, 0.0, 0.0, 0.0]}, "103800": {"Market_1": [0.02078, 0, 0.0, 0.0, 0.0]}, "104100": {"Market_1": [0.02078, 0, 0.0, 0.0, 0.0]}, "104400": {"Market_1": [0.02078, 0, 0.0, 0.0, 0.0]}, "104700": {"Market_1": [0.02078, 0, 0.0, 0.0, 0.0]}, "105000": {"Market_1": [0.02078, 0, 0.0, 0.0, 0.0]}, "105300": {"Market_1": [0.02078, 0, 0.0, 0.0, 0.0]}, "105600": {"Market_1": [0.02078, 0, 0.0, 0.0, 0.0]}, "105900": {"Market_1": [0.02078, 0, 0.0, 0.0, 0.0]}, "106200": {"Market_1": [0.02078, 0, 0.0, 0.0, 0.0]}, "106500": {"Market_1": [0.02078, 0, 0.0, 0.0, 0.0]}, "106800": {"Market_1": [0.02078, 0, 0.0, 0.0, 0.0]}, "107100": {"Market_1": [0.02078, 0, 0.0, 0.0, 0.0]}, "107400": {"Market_1": [0.02078, 0, 0.0, 0.0, 0.0]}, "107700": {"Market_1": [0.02078, 0, 0.0, 0.0, 0.0]}, "108000": {"Market_1": [0.02078, 0, 0.0, 0.0, 0.0]}, "108300": {"Market_1": [0.02078, 0, 0.0, 0.0, 0.0]}, "108600": {"Market_1": [0.02078, 0, 0.0, 0.0, 0.0]}, "108900": {"Market_1": [0.02078, 0, 0.0, 0.0, 0.0]}, "109200": {"Market_1": [0.02078, 0, 0.0, 0.0, 0.0]}, "109500": {"Market_1": [0.02078, 0, 0.0, 0.0, 0.0]}, "109800": {"Market_1": [0.02078, 0, 0.0, 0.0, 0.0]}, "110100": {"Market_1": [0.02078, 0, 0.0, 0.0, 0.0]}, "110400": {"Market_1": [0.02078, 0, 0.0, 0.0, 0.0]}, "110700": {"Market_1": [0.02078, 0, 0.0, 0.0, 0.0]}, "111000": {"Market_1": [0.02078, 0, 0.0, 0.0, 0.0]}, "111300": {"Market_1": [0.02078, 0, 0.0, 0.0, 0.0]}, "111600": {"Market_1": [0.02078, 0, 0.0, 0.0, 0.0]}, "111900": {"Market_1": [0.02078, 0, 0.0, 0.0, 0.0]}, "112200": {"Market_1": [0.02078, 0, 0.0, 0.0, 0.0]}, "112500": {"Market_1": [0.02078, 0, 0.0, 0.0, 0.0]}, "112800": {"Market_1": [0.02078, 0, 0.0, 0.0, 0.0]}, "113100": {"Market_1": [0.02078, 0, 0.0, 0.0, 0.0]}, "113400": {"Market_1": [0.02078, 0, 0.0, 0.0, 0.0]}, "113700": {"Market_1": [0.02078, 0, 0.0, 0.0, 0.0]}, "114000": {"Market_1": [0.02078, 0, 0.0, 0.0, 0.0]}, "114300": {"Market_1": [0.02078, 0, 0.0, 0.0, 0.0]}, "114600": {"Market_1": [0.02078, 0, 0.0, 0.0, 0.0]}, "114900": {"Market_1": [0.02078, 0, 0.0, 0.0, 0.0]}, "115200": {"Market_1": [0.02078, 0, 0.0, 0.0, 0.0]}, "115500": {"Market_1": [0.02078, 0, 0.0, 0.0, 0.0]}, "115800": {"Market_1": [0.02078, 0, 0.0, 0.0, 0.0]}, "116100": {"Market_1": [0.02078, 0, 0.0, 0.0, 0.0]}, "116400": {"Market_1": [0.02078, 0, 0.0, 0.0, 0.0]}, "116700": {"Market_1": [0.02078, 0, 0.0, 0.0, 0.0]}, "117000": {"Market_1": [0.02078, 0, 0.0, 0.0, 0.0]}, "117300": {"Market_1": [0.02078, 0, 0.0, 0.0, 0.0]}, "117600": {"Market_1": [0.02078, 0, 0.0, 0.0, 0.0]}, "117900": {"Market_1": [0.02078, 0, 0.0, 0.0, 0.0]}, "118200": {"Market_1": [0.02078, 0, 0.0, 0.0, 0.0]}, "118500": {"Market_1": [0.02078, 0, 0.0, 0.0, 0.0]}, "118800": {"Market_1": [0.02078, 0, 0.0, 0.0, 0.0]}, "119100": {"Market_1": [0.02078, 0, 0.0, 0.0, 0.0]}, "119400": {"Market_1": [0.02078, 0, 0.0, 0.0, 0.0]}, "119700": {"Market_1": [0.02078, 0, 0.0, 0.0, 0.0]}, "120000": {"Market_1": [0.02078, 0, 0.0, 0.0, 0.0]}, "120300": {"Market_1": [0.02078, 0, 0.0, 0.0, 0.0]}, "120600": {"Market_1": [0.02078, 0, 0.0, 0.0, 0.0]}, "120900": {"Market_1": [0.02078, 0, 0.0, 0.0, 0.0]}, "121200": {"Market_1": [0.02078, 0, 0.0, 0.0, 0.0]}, "121500": {"Market_1": [0.02078, 0, 0.0, 0.0, 0.0]}, "121800": {"Market_1": [0.02078, 0, 0.0, 0.0, 0.0]}, "122100": {"Market_1": [0.02078, 0, 0.0, 0.0, 0.0]}, "122400": {"Market_1": [0.02078, 0, 0.0, 0.0, 0.0]}, "122700": {"Market_1": [0.02078, 0, 0.0, 0.0, 0.0]}, "123000": {"Market_1": [0.02078, 0, 0.0, 0.0, 0.0]}, "123300": {"Market_1": [0.02078, 0, 0.0, 0.0, 0.0]}, "123600": {"Market_1": [0.02078, 0, 0.0, 0.0, 0.0]}, "123900": {"Market_1": [0.02078, 0, 0.0, 0.0, 0.0]}, "124200": {"Market_1": [0.02078, 0, 0.0, 0.0, 0.0]}, "124500": {"Market_1": [0.02078, 0, 0.0, 0.0, 0.0]}, "124800": {"Market_1": [0.02078, 0, 0.0, 0.0, 0.0]}, "125100": {"Market_1": [0.02078, 0, 0.0, 0.0, 0.0]}, "125400": {"Market_1": [0.02078, 0, 0.0, 0.0, 0.0]}, "125700": {"Market_1": [0.02078, 0, 0.0, 0.0, 0.0]}, "126000": {"Market_1": [0.02078, 0, 0.0, 0.0, 0.0]}, "126300": {"Market_1": [0.02078, 0, 0.0, 0.0, 0.0]}, "126600": {"Market_1": [0.02078, 0, 0.0, 0.0, 0.0]}, "126900": {"Market_1": [0.02078, 0, 0.0, 0.0, 0.0]}, "127200": {"Market_1": [0.02078, 0, 0.0, 0.0, 0.0]}, "127500": {"Market_1": [0.02078, 0, 0.0, 0.0, 0.0]}, "127800": {"Market_1": [0.02078, 0, 0.0, 0.0, 0.0]}, "128100": {"Market_1": [0.02078, 0, 0.0, 0.0, 0.0]}, "128400": {"Market_1": [0.02078, 0, 0.0, 0.0, 0.0]}, "128700": {"Market_1": [0.02078, 0, 0.0, 0.0, 0.0]}, "129000": {"Market_1": [0.02078, 0, 0.0, 0.0, 0.0]}, "129300": {"Market_1": [0.02078, 0, 0.0, 0.0, 0.0]}, "129600": {"Market_1": [0.02078, 0, 0.0, 0.0, 0.0]}, "129900": {"Market_1": [0.02078, 0, 0.0, 0.0, 0.0]}, "130200": {"Market_1": [0.02078, 0, 0.0, 0.0, 0.0]}, "130500": {"Market_1": [0.02078, 0, 0.0, 0.0, 0.0]}, "130800": {"Market_1": [0.02078, 0, 0.0, 0.0, 0.0]}, "131100": {"Market_1": [0.02078, 0, 0.0, 0.0, 0.0]}, "131400": {"Market_1": [0.02078, 0, 0.0, 0.0, 0.0]}, "131700": {"Market_1": [0.02078, 0, 0.0, 0.0, 0.0]}, "132000": {"Market_1": [0.02078, 0, 0.0, 0.0, 0.0]}, "132300": {"Market_1": [0.02078, 0, 0.0, 0.0, 0.0]}, "132600": {"Market_1": [0.02078, 0, 0.0, 0.0, 0.0]}, "132900": {"Market_1": [0.02078, 0, 0.0, 0.0, 0.0]}, "133200": {"Market_1": [0.02078, 0, 0.0, 0.0, 0.0]}, "133500": {"Market_1": [0.02078, 0, 0.0, 0.0, 0.0]}, "133800": {"Market_1": [0.02078, 0, 0.0, 0.0, 0.0]}, "134100": {"Market_1": [0.02078, 0, 0.0, 0.0, 0.0]}, "134400": {"Market_1": [0.02078, 0, 0.0, 0.0, 0.0]}, "134700": {"Market_1": [0.02078, 0, 0.0, 0.0, 0.0]}, "135000": {"Market_1": [0.02078, 0, 0.0, 0.0, 0.0]}, "135300": {"Market_1": [0.02078, 0, 0.0, 0.0, 0.0]}, "135600": {"Market_1": [0.02078, 0, 0.0, 0.0, 0.0]}, "135900": {"Market_1": [0.02078, 0, 0.0, 0.0, 0.0]}, "136200": {"Market_1": [0.02078, 0, 0.0, 0.0, 0.0]}, "136500": {"Market_1": [0.02078, 0, 0.0, 0.0, 0.0]}, "136800": {"Market_1": [0.02078, 0, 0.0, 0.0, 0.0]}, "137100": {"Market_1": [0.02078, 0, 0.0, 0.0, 0.0]}, "137400": {"Market_1": [0.02078, 0, 0.0, 0.0, 0.0]}, "137700": {"Market_1": [0.02078, 0, 0.0, 0.0, 0.0]}, "138000": {"Market_1": [0.02078, 0, 0.0, 0.0, 0.0]}, "138300": {"Market_1": [0.02078, 0, 0.0, 0.0, 0.0]}, "138600": {"Market_1": [0.02078, 0, 0.0, 0.0, 0.0]}, "138900": {"Market_1": [0.02078, 0, 0.0, 0.0, 0.0]}, "139200": {"Market_1": [0.02078, 0, 0.0, 0.0, 0.0]}, "139500": {"Market_1": [0.02078, 0, 0.0, 0.0, 0.0]}, "139800": {"Market_1": [0.02078, 0, 0.0, 0.0, 0.0]}, "140100": {"Market_1": [0.02078, 0, 0.0, 0.0, 0.0]}, "140400": {"Market_1": [0.02078, 0, 0.0, 0.0, 0.0]}, "140700": {"Market_1": [0.02078, 0, 0.0, 0.0, 0.0]}, "141000": {"Market_1": [0.02078, 0, 0.0, 0.0, 0.0]}, "141300": {"Market_1": [0.02078, 0, 0.0, 0.0, 0.0]}, "141600": {"Market_1": [0.02078, 0, 0.0, 0.0, 0.0]}, "141900": {"Market_1": [0.02078, 0, 0.0, 0.0, 0.0]}, "142200": {"Market_1": [0.02078, 0, 0.0, 0.0, 0.0]}, "142500": {"Market_1": [0.02078, 0, 0.0, 0.0, 0.0]}, "142800": {"Market_1": [0.02078, 0, 0.0, 0.0, 0.0]}, "143100": {"Market_1": [0.02078, 0, 0.0, 0.0, 0.0]}, "143400": {"Market_1": [0.02078, 0, 0.0, 0.0, 0.0]}, "143700": {"Market_1": [0.02078, 0, 0.0, 0.0, 0.0]}, "144000": {"Market_1": [0.02078, 0, 0.0, 0.0, 0.0]}, "144300": {"Market_1": [0.02078, 0, 0.0, 0.0, 0.0]}, "144600": {"Market_1": [0.02078, 0, 0.0, 0.0, 0.0]}, "144900": {"Market_1": [0.02078, 0, 0.0, 0.0, 0.0]}, "145200": {"Market_1": [0.02078, 0, 0.0, 0.0, 0.0]}, "145500": {"Market_1": [0.02078, 0, 0.0, 0.0, 0.0]}, "145800": {"Market_1": [0.02078, 0, 0.0, 0.0, 0.0]}, "146100": {"Market_1": [0.02078, 0, 0.0, 0.0, 0.0]}, "146400": {"Market_1": [0.02078, 0, 0.0, 0.0, 0.0]}, "146700": {"Market_1": [0.02078, 0, 0.0, 0.0, 0.0]}, "147000": {"Market_1": [0.02078, 0, 0.0, 0.0, 0.0]}, "147300": {"Market_1": [0.02078, 0, 0.0, 0.0, 0.0]}, "147600": {"Market_1": [0.02078, 0, 0.0, 0.0, 0.0]}, "147900": {"Market_1": [0.02078, 0, 0.0, 0.0, 0.0]}, "148200": {"Market_1": [0.02078, 0, 0.0, 0.0, 0.0]}, "148500": {"Market_1": [0.02078, 0, 0.0, 0.0, 0.0]}, "148800": {"Market_1": [0.02078, 0, 0.0, 0.0, 0.0]}, "149100": {"Market_1": [0.02078, 0, 0.0, 0.0, 0.0]}, "149400": {"Market_1": [0.02078, 0, 0.0, 0.0, 0.0]}, "149700": {"Market_1": [0.02078, 0, 0.0, 0.0, 0.0]}, "150000": {"Market_1": [0.02078, 0, 0.0, 0.0, 0.0]}, "150300": {"Market_1": [0.02078, 0, 0.0, 0.0, 0.0]}, "150600": {"Market_1": [0.02078, 0, 0.0, 0.0, 0.0]}, "150900": {"Market_1": [0.02078, 0, 0.0, 0.0, 0.0]}, "151200": {"Market_1": [0.02078, 0, 0.0, 0.0, 0.0]}, "151500": {"Market_1": [0.02078, 0, 0.0, 0.0, 0.0]}, "151800": {"Market_1": [0.02078, 0, 0.0, 0.0, 0.0]}, "152100": {"Market_1": [0.02078, 0, 0.0, 0.0, 0.0]}, "152400": {"Market_1": [0.02078, 0, 0.0, 0.0, 0.0]}, "152700": {"Market_1": [0.02078, 0, 0.0, 0.0, 0.0]}, "153000": {"Market_1": [0.02078, 0, 0.0, 0.0, 0.0]}, "153300": {"Market_1": [0.02078, 0, 0.0, 0.0, 0.0]}, "153600": {"Market_1": [0.02078, 0, 0.0, 0.0, 0.0]}, "153900": {"Market_1": [0.02078, 0, 0.0, 0.0, 0.0]}, "154200": {"Market_1": [0.02078, 0, 0.0, 0.0, 0.0]}, "154500": {"Market_1": [0.02078, 0, 0.0, 0.0, 0.0]}, "154800": {"Market_1": [0.02078, 0, 0.0, 0.0, 0.0]}, "155100": {"Market_1": [0.02078, 0, 0.0, 0.0, 0.0]}, "155400": {"Market_1": [0.02078, 0, 0.0, 0.0, 0.0]}, "155700": {"Market_1": [0.02078, 0, 0.0, 0.0, 0.0]}, "156000": {"Market_1": [0.02078, 0, 0.0, 0.0, 0.0]}, "156300": {"Market_1": [0.02078, 0, 0.0, 0.0, 0.0]}, "156600": {"Market_1": [0.02078, 0, 0.0, 0.0, 0.0]}, "156900": {"Market_1": [0.02078, 0, 0.0, 0.0, 0.0]}, "157200": {"Market_1": [0.02078, 0, 0.0, 0.0, 0.0]}, "157500": {"Market_1": [0.02078, 0, 0.0, 0.0, 0.0]}, "157800": {"Market_1": [0.02078, 0, 0.0, 0.0, 0.0]}, "158100": {"Market_1": [0.02078, 0, 0.0, 0.0, 0.0]}, "158400": {"Market_1": [0.02078, 0, 0.0, 0.0, 0.0]}, "158700": {"Market_1": [0.02078, 0, 0.0, 0.0, 0.0]}, "159000": {"Market_1": [0.02078, 0, 0.0, 0.0, 0.0]}, "159300": {"Market_1": [0.02078, 0, 0.0, 0.0, 0.0]}, "159600": {"Market_1": [0.02078, 0, 0.0, 0.0, 0.0]}, "159900": {"Market_1": [0.02078, 0, 0.0, 0.0, 0.0]}, "160200": {"Market_1": [0.02078, 0, 0.0, 0.0, 0.0]}, "160500": {"Market_1": [0.02078, 0, 0.0, 0.0, 0.0]}, "160800": {"Market_1": [0.02078, 0, 0.0, 0.0, 0.0]}, "161100": {"Market_1": [0.02078, 0, 0.0, 0.0, 0.0]}, "161400": {"Market_1": [0.02078, 0, 0.0, 0.0, 0.0]}, "161700": {"Market_1": [0.02078, 0, 0.0, 0.0, 0.0]}, "162000": {"Market_1": [0.02078, 0, 0.0, 0.0, 0.0]}, "162300": {"Market_1": [0.02078, 0, 0.0, 0.0, 0.0]}, "162600": {"Market_1": [0.02078, 0, 0.0, 0.0, 0.0]}, "162900": {"Market_1": [0.02078, 0, 0.0, 0.0, 0.0]}, "163200": {"Market_1": [0.02078, 0, 0.0, 0.0, 0.0]}, "163500": {"Market_1": [0.02078, 0, 0.0, 0.0, 0.0]}, "163800": {"Market_1": [0.02078, 0, 0.0, 0.0, 0.0]}, "164100": {"Market_1": [0.02078, 0, 0.0, 0.0, 0.0]}, "164400": {"Market_1": [0.02078, 0, 0.0, 0.0, 0.0]}, "164700": {"Market_1": [0.02078, 0, 0.0, 0.0, 0.0]}, "165000": {"Market_1": [0.02078, 0, 0.0, 0.0, 0.0]}, "165300": {"Market_1": [0.02078, 0, 0.0, 0.0, 0.0]}, "165600": {"Market_1": [0.02078, 0, 0.0, 0.0, 0.0]}, "165900": {"Market_1": [0.02078, 0, 0.0, 0.0, 0.0]}, "166200": {"Market_1": [0.02078, 0, 0.0, 0.0, 0.0]}, "166500": {"Market_1": [0.02078, 0, 0.0, 0.0, 0.0]}, "166800": {"Market_1": [0.02078, 0, 0.0, 0.0, 0.0]}, "167100": {"Market_1": [0.02078, 0, 0.0, 0.0, 0.0]}, "167400": {"Market_1": [0.02078, 0, 0.0, 0.0, 0.0]}, "167700": {"Market_1": [0.02078, 0, 0.0, 0.0, 0.0]}, "168000": {"Market_1": [0.02078, 0, 0.0, 0.0, 0.0]}, "168300": {"Market_1": [0.02078, 0, 0.0, 0.0, 0.0]}, "168600": {"Market_1": [0.02078, 0, 0.0, 0.0, 0.0]}, "168900": {"Market_1": [0.02078, 0, 0.0, 0.0, 0.0]}, "169200": {"Market_1": [0.02078, 0, 0.0, 0.0, 0.0]}, "169500": {"Market_1": [0.02078, 0, 0.0, 0.0, 0.0]}, "169800": {"Market_1": [0.02078, 0, 0.0, 0.0, 0.0]}, "170100": {"Market_1": [0.02078, 0, 0.0, 0.0, 0.0]}, "170400": {"Market_1": [0.02078, 0, 0.0, 0.0, 0.0]}, "170700": {"Market_1": [0.02078, 0, 0.0, 0.0, 0.0]}, "171000": {"Market_1": [0.02078, 0, 0.0, 0.0, 0.0]}, "171300": {"Market_1": [0.02078, 0, 0.0, 0.0, 0.0]}, "171600": {"Market_1": [0.02078, 0, 0.0, 0.0, 0.0]}, "171900": {"Market_1": [0.02078, 0, 0.0, 0.0, 0.0]}, "172200": {"Market_1": [0.02078, 0, 0.0, 0.0, 0.0]}, "172500": {"Market_1": [0.02078, 0, 0.0, 0.0, 0.0]}, "172800": {"Market_1": [0.02078, 0, 0.0, 0.0, 0.0]}}
