day,hour,10,38,32,17,36,18,11,26,12,13,46,39,58,62,83,68,66,104,90,8,121,81,123,137,143,112,75,126,50,136,85,113,134,150,141,116,133,117,119,152,124,45,111,129,436,372,446,427,281,391,435,445,307,404,328,423,318,395,451,337,321,390,426,400,327,429,414,417,296,378,422,320,405,291,274,272,251,217,215,235,259,240,268,172,166,163,245,236,267,271,87,223,769,700,688,559,761,837,793,638,628,459,755,482,584,727,590,715,483,783,631,714,560,686,739,856,879,462,870,527,786,843,545,600,630,736,476,637,855,550,865,792,475,705,745,473,533,869,785,614,682,572,901,887,888,882,892,900,894,860
10,8,17.09616,39.3318,2.795655,151.05120000000002,148.079,121.51169999999999,750.885,6320.1,101.1786,71.67179999999999,84.6222,125.331,750.885,52.6893,60.072300000000006,22.343580000000003,79.6101,11.6691,17.2688,20.64432,21.22173,100.833,115.636,71.67179999999999,78.81389999999999,18.8047,37.8051,100.833,60.072300000000006,102.201,55.1034,64.7772,110.109,48.538199999999996,152.577,39.7292,20.64432,126.597,0.47238600000000003,30.7112,84.6222,114.4797,2.9095590000000002,57.98460000000001,53.0374,2.9095590000000002,2.9389499999999997,60.679199999999994,60.679199999999994,100.833,53.2215,2.82389,2.82389,79.6101,24.3021,85.47710000000001,110.109,55.1034,126.597,148.079,71.67179999999999,20.64432,57.3846,55.8248,22.343580000000003,55.1034,148.079,126.597,79.6101,19.736009999999997,21.4975,101.1786,22.5693,55.8248,97.8813,19.9354,152.577,78.81389999999999,152.577,39.3318,11.6691,55.1034,148.079,121.51169999999999,101.1786,20.64432,17.2688,100.833,64.7772,126.597,20.61348,11.552370000000002,53.2215,52.6893,0.47238600000000003,2.82389,21.4361,55.1034,21.28251,125.331,52.6893,100.833,50.524800000000006,30.4041,2.795655,53.2215,19.9354,126.597,2.795655,11.552370000000002,11.552370000000002,39.7292,2.9389499999999997,126.597,97.8813,100.833,53.2215,58.5704,0.477158,56.8107,64.1295,64.1295,64.1295,55.6601,121.51169999999999,126.597,52.6893,39.3318,57.98460000000001,55.1034,2.9389499999999997,21.22173,55.266600000000004,55.1034,60.679199999999994,101.1786,101.1786,126.597,2.9095590000000002,126.597,2.9095590000000002,57.3846,2.9389499999999997,126.597,0.477158,2.82389,100.833,2.82389,60.072300000000006,55.1034
10,9,18.612209999999997,46.3197,3.59775,154.107,152.405,124.5915,774.231,6394.62,105.5403,79.96260000000001,91.6155,135.52620000000002,774.231,53.9211,65.14710000000001,24.624419999999997,143.955,11.6691,18.8002,41.9406,23.63703,110.026,172.519,79.96260000000001,142.51590000000002,25.0103,42.393,110.026,65.14710000000001,106.606,60.6225,70.86630000000001,117.6909,53.47110000000001,155.664,46.7875,41.9406,136.895,0.47238600000000003,34.8735,91.6155,170.79420000000002,2.9095590000000002,63.070800000000006,54.294599999999996,2.9095590000000002,2.9389499999999997,65.8053,65.8053,110.026,54.4658,3.63411,3.63411,143.955,27.02493,92.5409,117.6909,60.6225,136.895,152.405,79.96260000000001,41.9406,62.8294,58.8078,24.624419999999997,60.6225,152.405,136.895,143.955,22.340130000000002,23.9956,105.5403,24.8732,58.8078,104.436,22.5658,155.664,142.51590000000002,155.664,46.3197,11.6691,60.6225,152.405,124.5915,105.5403,41.9406,18.8002,110.026,70.86630000000001,136.895,22.66557,11.552370000000002,54.4658,53.9211,0.47238600000000003,3.63411,23.875799999999998,60.6225,23.75562,135.52620000000002,53.9211,110.026,52.7868,34.52460000000001,3.59775,54.4658,22.5658,136.895,3.59775,11.552370000000002,11.552370000000002,46.7875,2.9389499999999997,136.895,104.436,110.026,54.4658,63.707800000000006,0.477158,62.201100000000004,70.1577,70.1577,70.1577,61.2349,124.5915,136.895,53.9211,46.3197,63.070800000000006,60.6225,2.9389499999999997,23.63703,58.219800000000006,60.6225,65.8053,105.5403,105.5403,136.895,2.9095590000000002,136.895,2.9095590000000002,62.8294,2.9389499999999997,136.895,0.477158,3.63411,110.026,3.63411,65.14710000000001,60.6225
10,10,19.467779999999998,49.4214,3.99492,156.64079999999998,155.692,127.18860000000001,800.574,6429.72,108.60119999999999,84.291,95.9379,143.12159999999997,800.574,54.891,68.349,25.910700000000002,154.563,11.6691,19.6644,44.603699999999996,25.064610000000002,114.967,204.338,84.291,153.01709999999997,28.622700000000002,45.6999,114.967,68.349,109.698,63.8265,74.8101,121.5405,56.1876,158.223,49.9205,44.603699999999996,144.567,0.47238600000000003,37.9133,95.9379,202.2945,2.9095590000000002,66.276,55.2839,2.9095590000000002,2.9389499999999997,69.0393,69.0393,114.967,55.4456,4.03526,4.03526,154.563,28.63851,96.9068,121.5405,63.8265,144.567,155.692,84.291,44.603699999999996,67.9013,60.9907,25.910700000000002,63.8265,155.692,144.567,154.56300000000002,23.758020000000002,25.4711,108.60119999999999,26.172400000000003,60.9907,109.0875,23.998,158.223,153.01709999999997,158.223,49.4214,11.6691,63.8265,155.692,127.18860000000001,108.60119999999999,44.603699999999996,19.6644,114.967,74.8101,144.567,23.844,11.552370000000002,55.4456,54.891,0.47238600000000003,4.03526,25.3178,63.8265,25.21635,143.12159999999997,54.891,114.967,54.644400000000005,37.5342,3.99492,55.4456,23.998,144.567,3.99492,11.552370000000002,11.552370000000002,49.9205,2.9389499999999997,144.567,109.0875,114.967,55.4456,66.9456,0.477158,67.22220000000002,74.0619,74.0619,74.0619,64.4712,127.18860000000001,144.567,54.891,49.4214,66.276,63.8265,2.9389499999999997,25.064610000000002,60.3807,63.8265,69.0393,108.60119999999999,108.60119999999999,144.567,2.9095590000000002,144.567,2.9095590000000002,67.9013,2.9389499999999997,144.567,0.477158,4.03526,114.967,4.03526,68.349,63.8265
10,11,19.38984,50.0862,4.10871,157.02779999999998,155.386,127.81530000000001,805.083,6466.89,109.203,85.39529999999999,97.1865,145.21620000000001,805.083,54.9489,70.401,25.88172,159.542,11.6691,19.5857,45.753,25.083479999999998,114.953,222.113,85.39529999999999,157.94670000000002,29.7818,47.382,114.953,70.401,110.306,63.432300000000005,76.2987,121.6227,56.205600000000004,158.614,50.5921,45.753,146.683,0.47238600000000003,38.9395,97.1865,219.8916,2.9095590000000002,68.31989999999999,55.3437,2.9095590000000002,2.9389499999999997,71.112,71.112,114.953,55.503800000000005,4.15021,4.15021,159.542,28.67958,98.16810000000001,121.6227,63.432300000000005,146.683,155.386,85.39529999999999,45.753,70.5544,61.2371,25.88172,63.432300000000005,155.386,146.683,159.542,24.209550000000004,25.4941,109.203,26.1432,61.2371,110.217,24.454099999999997,158.614,157.94670000000002,158.614,50.0862,11.6691,63.432300000000005,155.386,127.81530000000001,109.203,45.753,19.5857,114.953,76.2987,146.683,23.79396,11.552370000000002,55.503800000000005,54.9489,0.47238600000000003,4.15021,25.3368,63.432300000000005,25.239150000000002,145.21620000000001,54.9489,114.953,54.6575,38.55,4.10871,55.503800000000005,24.454099999999997,146.683,4.10871,11.552370000000002,11.552370000000002,50.5921,2.9389499999999997,146.683,110.217,114.953,55.503800000000005,69.01,0.477158,69.849,75.5358,75.5358,75.5358,64.0732,127.81530000000001,146.683,54.9489,50.0862,68.31989999999999,63.432300000000005,2.9389499999999997,25.083479999999998,60.62460000000001,63.432300000000005,71.112,109.203,109.203,146.683,2.9095590000000002,146.683,2.9095590000000002,70.5544,2.9389499999999997,146.683,0.477158,4.15021,114.953,4.15021,70.401,63.432300000000005
10,12,20.96934,55.39710000000001,4.817549999999999,162.57240000000002,163.598,133.1724,837.123,6617.55,117.4383,97.2348,103.5501,157.02329999999998,837.123,57.4029,76.8765,29.325689999999998,176.286,11.6691,21.1812,48.672,28.402169999999998,122.825,269.226,97.2348,174.5232,34.0319,51.6819,122.825,76.8765,118.625,70.3455,83.66210000000001,131.52840000000003,61.372800000000005,164.214,55.9565,48.672,158.609,0.47238600000000003,43.2872,103.5501,266.5335,2.9095590000000002,74.8035,57.844199999999994,2.9095590000000002,2.9389499999999997,77.65310000000001,77.65310000000001,122.825,57.982699999999994,4.86621,4.86621,176.286,32.4279,104.596,131.52840000000003,70.3455,158.609,163.598,97.2348,48.672,76.8892,67.6999,29.325689999999998,70.3455,163.598,158.609,176.286,27.09681,28.9095,117.4383,29.6219,67.6999,123.0801,27.3705,164.214,174.5232,164.214,55.39710000000001,11.6691,70.3455,163.598,133.1724,117.4383,48.672,21.1812,122.825,83.66210000000001,158.609,26.87412,11.552370000000002,57.982699999999994,57.4029,0.47238600000000003,4.86621,28.6891,70.3455,28.62039,157.02329999999998,57.4029,122.825,58.725699999999996,42.8544,4.817549999999999,57.982699999999994,27.3705,158.609,4.817549999999999,11.552370000000002,11.552370000000002,55.9565,2.9389499999999997,158.609,123.0801,122.825,57.982699999999994,75.5591,0.477158,76.12020000000001,82.8255,82.8255,82.8255,71.056,133.1724,158.609,57.4029,55.39710000000001,74.8035,70.3455,2.9389499999999997,28.402169999999998,67.023,70.3455,77.65310000000001,117.4383,117.4383,158.609,2.9095590000000002,158.609,2.9095590000000002,76.8892,2.9389499999999997,158.609,0.477158,4.86621,122.825,4.86621,76.8765,70.3455
10,13,22.1466,59.09760000000001,5.353200000000001,166.25670000000002,168.275,136.43429999999998,854.379,6670.65,121.71239999999999,104.1435,106.0479,165.0405,854.379,59.115,80.295,31.776300000000003,191.439,11.6691,22.3703,51.8673,30.1341,127.743,297.828,104.1435,189.525,36.9804,56.212199999999996,127.743,80.295,122.942,76.55760000000001,88.4302,138.11790000000002,64.1883,167.936,59.6944,51.8673,166.708,0.47238600000000003,45.5006,106.0479,294.84959999999995,2.9095590000000002,78.23310000000001,59.5908,2.9095590000000002,2.9389499999999997,81.106,81.106,127.743,59.7121,5.40726,5.40726,191.439,35.323800000000006,107.119,138.11790000000002,76.55760000000001,166.708,168.275,104.1435,51.8673,83.1899,71.958,31.776300000000003,76.55760000000001,168.275,166.708,191.439,29.483669999999996,30.6928,121.71239999999999,32.0972,71.958,130.1163,29.7815,167.936,189.525,167.936,59.09760000000001,11.6691,76.55760000000001,168.275,136.43429999999998,121.71239999999999,51.8673,22.3703,127.743,88.4302,166.708,29.095050000000004,11.552370000000002,59.7121,59.115,0.47238600000000003,5.40726,30.4384,76.55760000000001,30.385800000000003,165.0405,59.115,127.743,61.072,45.04560000000001,5.353200000000001,59.7121,29.7815,166.708,5.353200000000001,11.552370000000002,11.552370000000002,59.6944,2.9389499999999997,166.708,130.1163,127.743,59.7121,79.0233,0.477158,82.35810000000001,87.546,87.546,87.546,77.3308,136.43429999999998,166.708,59.115,59.09760000000001,78.23310000000001,76.55760000000001,2.9389499999999997,30.1341,71.2383,76.55760000000001,81.106,121.71239999999999,121.71239999999999,166.708,2.9095590000000002,166.708,2.9095590000000002,83.1899,2.9389499999999997,166.708,0.477158,5.40726,127.743,5.40726,80.295,76.55760000000001
10,14,21.47061,57.979800000000004,5.22354,164.23829999999998,165.555,134.6985,850.914,6668.7,121.0626,102.9867,105.5808,162.50759999999997,850.914,58.1418,78.50129999999999,31.249800000000004,187.582,11.6691,21.6875,52.3245,29.091090000000005,124.695,292.969,102.9867,185.706,36.2292,56.52810000000001,124.695,78.50129999999999,122.286,75.50970000000001,87.0168,135.02790000000002,62.588100000000004,165.897,58.5655,52.3245,164.149,0.47238600000000003,45.1015,105.5808,290.03909999999996,2.9095590000000002,76.44179999999999,58.602199999999996,2.9095590000000002,2.9389499999999997,79.2942,79.2942,124.695,58.729099999999995,5.27632,5.27632,187.582,34.81889999999999,106.647,135.02790000000002,75.50970000000001,164.149,165.555,102.9867,52.3245,84.2282,70.2518,31.249800000000004,75.50970000000001,165.555,164.149,187.582,29.36589,29.6221,121.0626,31.5655,70.2518,127.57589999999999,29.6625,165.897,185.706,165.897,57.979800000000004,11.6691,75.50970000000001,165.555,134.6985,121.0626,52.3245,21.6875,124.695,87.0168,164.149,28.62111,11.552370000000002,58.729099999999995,58.1418,0.47238600000000003,5.27632,29.384900000000002,75.50970000000001,29.325870000000002,162.50759999999997,58.1418,124.695,59.6327,44.6505,5.22354,58.729099999999995,29.6625,164.149,5.22354,11.552370000000002,11.552370000000002,58.5655,2.9389499999999997,164.149,127.57589999999999,124.695,58.729099999999995,77.214,0.477158,83.38589999999999,86.14679999999998,86.14679999999998,86.14679999999998,76.2723,134.6985,164.149,58.1418,57.979800000000004,76.44179999999999,75.50970000000001,2.9389499999999997,29.091090000000005,69.54929999999999,75.50970000000001,79.2942,121.0626,121.0626,164.149,2.9095590000000002,164.149,2.9095590000000002,84.2282,2.9389499999999997,164.149,0.477158,5.27632,124.695,5.27632,78.50129999999999,75.50970000000001
10,15,21.877860000000002,58.025400000000005,5.24043,164.8398,166.122,135.387,851.331,6638.13,121.29060000000001,103.6401,105.71010000000001,162.07770000000002,851.331,58.4163,79.7955,39.1116,188.131,11.6691,22.0988,52.7472,29.8065,125.432,294.711,103.6401,186.2502,36.304199999999994,56.64660000000001,125.432,79.7955,122.516,91.0527,87.1172,135.96959999999999,63.6462,166.505,58.6115,52.7472,163.715,0.47238600000000003,44.7435,105.71010000000001,291.76380000000006,2.9095590000000002,77.7351,58.8814,2.9095590000000002,2.9389499999999997,80.6014,80.6014,125.432,59.0063,5.2933699999999995,5.2933699999999995,188.131,45.639,106.778,135.96959999999999,91.0527,163.715,166.122,103.6401,52.7472,85.8292,71.4256,39.1116,91.0527,166.122,163.715,188.131,29.85714,30.357400000000002,121.29060000000001,39.506699999999995,71.4256,129.5523,30.1587,166.505,186.2502,166.505,58.025400000000005,11.6691,91.0527,166.122,135.387,121.29060000000001,52.7472,22.0988,125.432,87.1172,163.715,31.847099999999998,11.552370000000002,59.0063,58.4163,0.47238600000000003,5.2933699999999995,30.107599999999998,91.0527,30.0537,162.07770000000002,58.4163,125.432,59.7945,44.2959,5.24043,59.0063,30.1587,163.715,5.24043,11.552370000000002,11.552370000000002,58.6115,2.9389499999999997,163.715,129.5523,125.432,59.0063,78.5203,0.477158,84.97079999999998,86.24610000000001,86.24610000000001,86.24610000000001,91.9725,135.387,163.715,58.4163,58.025400000000005,77.7351,91.0527,2.9389499999999997,29.8065,70.7112,91.0527,80.6014,121.29060000000001,121.29060000000001,163.715,2.9095590000000002,163.715,2.9095590000000002,85.8292,2.9389499999999997,163.715,0.477158,5.2933699999999995,125.432,5.2933699999999995,79.7955,91.0527
10,16,15.158040000000002,37.854,5.14071,165.09570000000002,166.473,88.6554,849.888,6633.93,120.4608,103.3191,92.05080000000001,99.7122,861.9435555555556,58.636199999999995,59.3628,39.8904,187.357,2.2630500000000002,15.311200000000001,53.439,23.55585,88.73639999999999,235.343,103.3191,185.4831,22.6572,38.532300000000006,88.73639999999999,59.3628,121.677,93.3552,85.8361,80.05320000000002,47.085300000000004,166.763,38.2364,53.439,100.719,0.0805548,31.2834,92.05080000000001,232.9899,2.9095590000000002,57.9579,59.1051,2.9095590000000002,2.9389499999999997,59.9624,59.9624,88.73639999999999,59.2284,5.19263,5.19263,187.357,46.3278,92.9805,80.05320000000002,93.3552,100.719,166.473,103.3191,53.439,76.0184,47.7485,39.8904,93.3552,166.473,100.719,187.357,20.000490000000003,24.0489,120.4608,40.2933,47.7485,86.23710000000001,20.2025,166.763,185.4831,166.763,37.854,2.2630500000000002,93.3552,166.473,88.6554,120.4608,53.439,15.311200000000001,88.73639999999999,85.8361,100.719,32.491800000000005,2.2404210000000004,59.2284,58.636199999999995,0.0805548,5.19263,23.7938,93.3552,23.80845,99.7122,58.636199999999995,88.73639999999999,59.94,30.9705,5.14071,59.2284,20.2025,100.719,5.14071,2.2404210000000004,2.2404210000000004,38.2364,2.9389499999999997,100.719,86.23710000000001,88.73639999999999,59.2284,58.5435,0.0813684,75.25829999999999,84.97770000000001,84.97770000000001,84.97770000000001,94.2981,88.6554,100.719,58.636199999999995,37.854,57.9579,93.3552,2.9389499999999997,23.55585,47.271,93.3552,59.9624,120.4608,120.4608,100.719,2.9095590000000002,100.719,2.9095590000000002,76.0184,2.9389499999999997,100.719,0.0813684,5.19263,88.73639999999999,5.19263,59.3628,93.3552
10,17,9.23304,23.25792,3.20907,150.00420000000003,146.31,76.7205,778.722,6468.27,100.7889,75.2085,83.28329999999998,66.48689999999999,790.7775555555555,51.9645,39.630300000000005,28.643099999999997,148.854,2.2630500000000002,9.326319999999999,44.27310000000001,13.707450000000001,61.0556,152.441,75.2085,147.36509999999998,12.6667,25.79868,61.0556,39.630300000000005,101.807,72.39420000000001,68.4664,52.079100000000004,31.438200000000002,151.519,23.4928,44.27310000000001,67.1586,0.0805548,19.520400000000002,83.28329999999998,150.91709999999998,2.9095590000000002,38.65560000000001,52.3068,2.9095590000000002,2.9389499999999997,40.0306,40.0306,61.0556,52.4893,3.2414699999999996,3.2414699999999996,148.854,36.28260000000001,84.1245,52.079100000000004,72.39420000000001,67.1586,146.31,75.2085,44.27310000000001,59.9988,29.7058,28.643099999999997,72.39420000000001,146.31,67.1586,148.854,12.1347,13.983600000000001,100.7889,28.9324,29.7058,55.032300000000006,12.257299999999999,151.519,147.36509999999998,151.519,23.25792,2.2630500000000002,72.39420000000001,146.31,76.7205,100.7889,44.27310000000001,9.326319999999999,61.0556,68.4664,67.1586,22.34439,2.2404210000000004,52.4893,51.9645,0.0805548,3.2414699999999996,13.8459,72.39420000000001,13.84374,66.48689999999999,51.9645,61.0556,50.37,19.32522,3.20907,52.4893,12.257299999999999,67.1586,45.20907,2.2404210000000004,2.2404210000000004,23.4928,2.9389499999999997,67.1586,55.032300000000006,61.0556,52.4893,39.046099999999996,0.0813684,59.3988,67.78170000000001,67.78170000000001,67.78170000000001,73.1254,76.7205,67.1586,51.9645,23.25792,38.65560000000001,72.39420000000001,2.9389499999999997,13.707450000000001,29.40873,72.39420000000001,40.0306,100.7889,100.7889,83.49193333333335,2.9095590000000002,67.1586,2.9095590000000002,59.9988,2.9389499999999997,67.1586,0.0813684,3.2414699999999996,61.0556,3.2414699999999996,39.630300000000005,72.39420000000001
10,18,16.9405711111111,23.996061111111107,1.012509,141.765,145.1531111111111,92.10892222222222,745.080111111111,6107.16,99.91571111111111,47.411699999999996,85.65251111111111,43.01610000000001,750.4467777777777,48.04260000000001,27.05775,37.2308488888889,134.4848888888889,2.2630500000000002,41.51098666666667,31.1144611111111,44.5800611111111,68.24943333333331,107.70202222222221,64.39836666666666,123.0531,25.719667777777794,21.181768888888882,50.204988888888884,60.30002,125.88416666666666,57.6768,72.15617777777777,34.247699999999995,39.371324444444426,175.08588888888892,17.433322222222223,49.081127777777766,43.4507,6.1005548,20.673288888888898,93.67917777777777,83.8329,13.098447888888883,60.424710000000005,48.3108,2.9095590000000002,2.9389499999999997,27.3311,27.3311,43.5161,48.5279,1.02274,1.02274,124.296,29.48658,74.0419,34.247699999999995,57.6768,43.4507,133.642,47.411699999999996,19.60335,67.002,16.2925,21.02196,57.6768,133.642,43.4507,124.296,6.08475,7.32,88.4046,21.234299999999998,16.2925,30.726599999999998,29.743987777777775,181.69702444444445,134.00421111111112,170.18588888888888,12.484950000000001,19.607494444444427,87.6990222222222,157.31755555555554,75.7755888888889,88.4046,39.00112777777778,29.15987555555555,78.51614000000001,92.65844521367417,67.04847777777776,15.44172,35.37380235483653,48.5279,48.04260000000001,42.0805548,1.02274,7.241370000000001,57.6768,49.2468,43.01610000000001,48.04260000000001,85.5161,44.4118,10.37958,1.012509,48.5279,6.14621,43.4507,23.897648916920126,2.2404210000000004,2.2404210000000004,12.6111,2.9389499999999997,43.4507,30.726599999999998,43.5161,90.5279,26.7185,0.0813684,66.75198000000006,95.6169,53.6169,53.6169,58.2594,69.08670000000001,43.4507,48.04260000000001,12.484950000000001,68.45133,57.6768,2.9389499999999997,7.168950000000001,16.12959,57.6768,27.3311,88.4046,88.4046,59.78403333333333,2.9095590000000002,43.4507,2.9095590000000002,25.002,2.9389499999999997,43.4507,0.0813684,1.02274,43.5161,1.02274,27.05775,57.6768
10,19,15.308541111111111,17.98601111111111,12.370014111111105,137.48129999999998,138.5501111111111,88.27402222222223,718.872111111111,5896.86,51.984411111111115,28.13268,75.62321111111112,27.55794,724.2387777777777,46.18110000000001,20.028419999999997,33.34692888888889,47.683688888888895,3.4588400000000004,39.862456666666674,25.215111111111113,40.777411111111114,59.40573333333334,57.00662222222222,45.11934666666667,37.1199,24.75777777777778,14.94257888888889,41.36128888888889,54.110642222222225,77.46886666666667,50.9025,62.13287777777778,25.337970000000002,33.732704444444444,170.7588888888889,11.362542222222222,43.18177777777778,27.836299999999998,6.692471,15.64046888888889,83.64987777777779,33.6447,13.69036888888889,53.62690333333333,46.4062,3.5014800000000004,3.53684,20.230700000000002,20.230700000000002,34.6724,46.6475,0.867579,0.867579,37.494800000000005,26.06139,63.911199999999994,25.337970000000002,50.9025,27.836299999999998,127.039,28.13268,13.704,34.42672592522813,8.86853,17.13804,92.90250000000006,127.039,27.836299999999998,37.494800000000005,3.9397800000000003,3.43621,40.4733,17.3112,8.86853,14.692950000000002,27.577357777777777,173.79222222222222,48.07101111111111,165.85888888888888,6.474900000000001,20.803284444444444,80.92472222222223,150.71455555555556,71.9406888888889,40.4733,33.101777777777784,27.511345555555557,69.67240000000001,79.4151,51.43407777777777,12.070379999999998,36.557598331279024,46.6475,46.18110000000001,17.069096925228138,0.867579,3.4003200000000002,50.9025,19.798475925228114,27.55794,46.18110000000001,57.55753991691985,41.838800000000006,5.397060000000001,42.858903,46.6475,3.97958,27.836299999999998,0.858903,3.4242600000000003,3.4242600000000003,6.5403199999999995,3.53684,27.836299999999998,14.692950000000002,34.6724,63.04412592522808,19.8521,0.6792630000000001,34.24641592522808,60.090425925228104,43.6938,43.6938,51.4167,65.2518,27.836299999999998,46.18110000000001,6.474900000000001,36.05019592522808,50.9025,3.53684,3.3663000000000003,8.77983,50.9025,20.230700000000002,40.4733,40.4733,44.16963333333334,3.5014800000000004,27.836299999999998,3.5014800000000004,18.030099999999997,3.53684,27.836299999999998,0.6792630000000001,0.867579,34.6724,0.867579,20.028419999999997,50.9025
10,20,14.09886611111111,16.90379111111111,12.37001411111111,132.13259999999997,133.0961111111111,83.82652222222222,690.363111111111,5833.05,41.57171111111111,14.720040000000001,60.67871111111111,16.18557,692.2264974273049,43.752300000000005,26.41166111111111,29.826608888888888,26.43308888888889,3.4588400000000004,38.64055666666667,21.00698111111111,38.884753240893474,52.210233333333335,49.655322222222225,31.70670666666667,16.08177,24.75777777777778,16.01469777777778,34.16578888888889,48.033883333333335,66.95096666666667,44.9685,25.60303777777778,20.13984,28.875974444444445,165.3558888888889,10.269382222222223,38.973647777777785,16.3491,6.692471,12.80151888888889,68.70537777777778,36.55561888888889,13.69036888888889,48.653353333333335,43.9223,3.5014800000000004,3.53684,15.0511,15.0511,27.4769,44.194199999999995,0.867579,0.867579,16.2442,22.67538,48.8158,20.13984,44.9685,16.3491,121.585,14.720040000000001,9.49587,15.9444,3.872,13.617719999999998,67.85363991692009,121.585,16.3491,16.2442,3.5125199999999994,1.5023199999999999,30.060599999999997,13.7553,3.872,5.42802,27.14577777777778,172.9158888888889,27.03288111111111,160.4558888888889,5.39268,30.992173333333326,85.17961111111111,145.26055555555556,74.18207777777778,30.060599999999997,28.89364777777778,26.28944555555556,62.47689236425175,42.88526,50.13576666666666,9.068700000000002,41.08426111111112,44.194199999999995,43.752300000000005,0.672471,0.867579,1.48853,44.9685,1.4872919999999998,16.18557,43.752300000000005,27.4769,38.662099999999995,2.5865039999999997,23.74404291691986,44.194199999999995,3.548,16.3491,0.858903,3.4242600000000003,3.4242600000000003,5.44716,3.53684,16.3491,5.42802,27.4769,44.194199999999995,14.828299999999999,0.6792630000000001,15.78498,7.52922,7.52922,7.52922,45.4228,60.804300000000005,16.3491,43.752300000000005,5.39268,14.68002,44.9685,3.53684,1.4736420000000001,3.8332800000000002,44.9685,15.0511,30.060599999999997,30.060599999999997,32.23423991691989,3.5014800000000004,16.3491,3.5014800000000004,15.9444,3.53684,16.3491,0.6792630000000001,0.867579,27.4769,0.867579,14.900549999999999,44.9685
10,21,14.211414111111111,16.90379111111111,12.37001411111111,132.26129999999998,133.1881111111111,83.41342222222222,565.3381111111111,5849.85,40.06958111111111,26.23115111111111,61.57631111111111,26.374458888888896,558.6492222222222,43.83,26.003991111111112,23.387351678583165,20.084281678583174,3.4588400000000004,38.754246666666674,20.25749111111111,38.884753111111124,51.62083333333334,49.655322222222225,38.39559555555556,22.10177,12.060163357166335,22.034697777777765,39.59638888888889,49.523991111111116,62.59603392463845,44.1069,24.08314777777778,30.349878888888913,28.419434444444445,152.78827446827748,10.269382222222223,38.22415777777778,16.3491,16.8813598888889,6.452711678583168,56.90536335716638,36.55561888888889,7.341561678583185,48.264673333333334,44.0024,3.5014800000000004,3.53684,14.639299999999999,14.639299999999999,26.8875,44.2727,0.867579,0.867579,16.2442,22.41567,49.7225,20.16099,44.1069,16.3491,121.677,14.720040000000001,8.74638,15.0042,3.872,13.52727,44.1069,121.677,16.3491,16.2442,3.5125199999999994,1.5023199999999999,28.55847,13.6639,3.872,5.42802,27.14577777777778,168.51922222222223,27.03288111111111,158.07716335716637,22.2704577777778,37.01217333333333,77.96920390080541,145.35255555555557,73.76897777777778,28.55847,34.16415777777777,33.09202444444445,60.86083333333333,41.36536478632419,56.82465555555556,15.68339888888889,36.557593333333344,44.2727,43.83,0.672471,0.867579,1.48853,44.1069,1.4872919999999998,16.18557,43.83,26.8875,38.540099999999995,2.5865039999999997,0.858903,44.2727,3.548,16.3491,0.858903,3.4242600000000003,3.4242600000000003,5.44716,3.53684,16.3491,5.42802,26.8875,44.2727,14.4357,0.6792630000000001,14.854170000000002,6.02451,6.02451,6.02451,44.5525,60.3912,16.3491,43.83,5.39268,14.29134,44.1069,3.53684,1.4736420000000001,3.8332800000000002,44.1069,14.639299999999999,28.55847,28.55847,16.3491,3.5014800000000004,16.3491,3.5014800000000004,15.0042,3.53684,16.3491,0.6792630000000001,0.867579,26.8875,0.867579,14.49288,44.1069
10,22,14.264562111111111,28.414902222222217,23.88112522222222,152.41303333333335,133.24211111111111,83.22322222222222,580.9203333333332,5850.291111111111,62.487063333333325,26.23115111111111,61.46201111111111,26.37445888888889,551.2092222222221,55.35341111111111,25.926021111111112,19.56185,16.2442,3.4588400000000004,38.807926666666674,31.524342222222224,39.648367000000015,51.36143333333334,49.655322222222225,38.39559555555556,22.10177,4.38,22.03469777777778,39.33698888888889,47.657132222222224,50.46498888888888,44.1252,24.08314777777778,30.36634888888889,39.83895555555555,145.99511111111113,21.780493333333336,37.97989777777778,16.3491,16.88135988888889,2.6126300000000002,49.1109,36.55561888888889,26.523702222222223,49.21670111111112,44.0147,3.5014800000000004,3.53684,56.5605,14.5605,26.6281,44.2851,0.867579,0.867579,16.2442,22.427970000000002,49.6069,62.177459999999996,44.1252,16.3491,163.73100000000005,14.720040000000001,50.50212,14.6502,3.872,13.54185,44.1252,121.731,16.3491,58.2442,3.5125199999999994,1.68232,27.95373,13.678600000000001,3.872,5.42802,27.14577777777778,169.40622222222223,27.03288111111111,151.28400000000002,32.459346666666676,37.01217333333334,74.14742222222222,145.40655555555554,73.57877777777779,27.95373,33.91989777777778,33.14570444444445,61.6281,44.94314777777778,56.902435025839516,15.69068888888889,41.08426,44.2851,43.8423,0.672471,0.867579,1.5842100000000001,44.1252,1.665492,16.18557,43.8423,26.6281,38.6735,2.5865039999999997,0.858903,44.2851,3.548,16.3491,0.858903,45.424260000000004,45.424260000000004,5.44716,45.53684,16.3491,5.42802,26.6281,44.2851,14.360299999999999,42.679263000000056,14.50371,6.02451,6.02451,6.02451,44.5711,60.201,16.3491,43.8423,5.39268,14.216700000000001,44.1252,3.53684,1.568367,3.8332800000000002,44.1252,14.5605,27.95373,27.95373,16.3491,45.50148000000006,16.3491,3.5014800000000004,14.6502,3.53684,16.3491,42.679263000000056,0.867579,26.6281,0.867579,14.414909999999999,86.12520000000006
10,23,26.657489591894542,29.25597259189454,69.92558744443758,198.59757777777776,133.72918148078347,73.18965185045582,577.1084037030057,5830.803333333334,62.542703703005685,37.74226222222222,60.66701501191654,81.28557000000002,558.0673333333334,78.32583333333332,48.86499333333333,38.1655061230277,39.26642222222222,37.992173333333334,38.10242188113664,32.174612591894544,39.10036324089348,41.25116706017219,39.82635185045577,38.39559555555556,28.79065888888889,45.13555555555562,33.57477945636096,45.88779278969431,48.304993333333336,47.95833723413877,65.7256,42.74981888888889,63.576830000000015,62.454039456361016,145.65595925856124,21.780493333333336,22.00934281352753,48.237988888888914,45.73477490080541,22.990407777777822,60.26471111111112,64.59645038361093,71.24596111109052,50.16344777777778,127.96400000000006,45.501479999999944,45.53684,37.361539916919796,14.4764,26.1966,44.2347,42.867579,84.867579,58.2442,22.374,49.246,43.061969916919736,86.0256,58.3491,139.62748706571102,56.72004,31.196459916919885,14.366299999999999,3.872,55.480979999999946,86.0256,121.377,16.3491,81.12933991691978,3.5125199999999994,1.9189500000000002,27.168300000000002,55.6172,3.872,5.43687,21.885859456361032,174.0748888888889,33.052881111111105,166.54385945636105,48.66823555555558,40.869951111111114,65.93112097491625,152.03485945636095,93.06537056747209,37.3571888888889,33.27156503574955,39.20686555555556,60.16993333333333,41.36537,57.85130202219172,52.22026555555556,36.557593333333344,44.2347,43.7925,0.672471,0.867579,85.70632000000006,128.0256,1.899759,16.18557,60.12583333333335,26.1966,38.83,44.586504,0.858903,44.234700000000004,45.548,58.34910000000006,0.858903,68.30939991692013,26.30939991692007,5.44716,26.421979916919685,16.3491,5.436870000000001,26.1966,44.234700000000004,56.2796,65.56440291691989,56.22264,6.02451,90.02451,6.02451,44.4703,59.9964,16.3491,43.7925,47.392680000000055,14.13678,44.025600000000004,3.53684,1.689252,45.833279999999945,44.025600000000004,14.4764,69.1683,69.1683,58.3491,26.386619916919827,58.3491,3.5014800000000004,56.366299999999995,3.53684,16.3491,23.564402916919693,0.867579,68.1966,42.867579000000056,56.33166,108.91073991691982
10,0,25.70553922222222,51.437124444444464,69.92556966666666,198.92758666665978,133.45811111111112,71.71751111111111,608.8836666666666,5835.135555555556,85.85080555555557,37.74226222222222,81.00397390080548,81.28557222222221,556.1503333333334,101.65435555555555,60.36212444444445,70.89800888888888,60.966422222222235,61.01439555555556,38.6437517787131,31.621452222222224,33.498252137693406,72.68267111111112,61.16643333333333,36.08695170241637,54.20843666666668,55.32444555555556,40.032476666666675,45.36708888888889,49.23990222222223,48.28415371694423,97.01376666666667,44.149813849693764,83.57122705027754,72.94215444442384,155.3367777777778,33.291604444444445,29.754785555555557,59.7491,38.90219138361092,43.368185555555606,72.29499999999999,87.50006666666667,71.24592444444446,49.123760000000004,90.04757983383954,26.38661991691966,68.42197991691955,14.462299999999999,14.462299999999999,68.63819999999994,86.54429999999999,65.75271891691956,46.637858833839154,39.129339916919605,64.78218,135.1061,19.67484,67.63223991691959,39.23423991691956,121.947,37.60517991691961,8.59923,55.9199,45.872,36.81869991691963,67.63223991691959,121.947,16.3491,39.129339916919825,3.5125199999999994,1.5023199999999999,28.29525,36.95943991691959,3.872,47.428020000000004,10.137133924638619,171.8524955793887,31.89748891272204,193.56650149472202,50.51935,42.49744621819968,75.3137688888889,153.08708278969436,106.0019588888889,69.05080555555558,47.39478666666667,30.192806690499758,61.26486666666666,54.58759444444444,61.786877777777796,62.12489258087115,36.55760620875685,44.5443,86.09880000000001,0.672471,42.867579000000056,47.25880983383955,90.51737983383916,1.4872919999999998,58.18557,60.43213333333334,26.6382,80.9358,25.47164391691959,0.858903,44.5443,26.433139916919593,39.23423991691969,0.858903,26.309399916919592,3.4242600000000003,47.44716,3.53684,16.3491,5.42802,26.6382,44.5443,37.15153991691958,23.564402916919693,36.6658499169198,6.02451,51.79478983383945,48.02451,45.1992,60.2064,16.3491,44.098800000000004,28.27781991691956,14.12376,44.7471,45.536840000000055,43.473642,26.71841991691963,44.7471,14.462299999999999,51.18038991691986,51.18038991691961,39.23423991691956,3.5014800000000004,39.23423991691959,3.5014800000000004,36.80503991691956,3.53684,16.3491,0.6792630000000001,0.867579,49.523339916919845,65.75271891691983,37.202819916919594,67.63223991691959
10,1,37.13109333333333,74.45934666666666,69.9255785555487,200.5412777777778,146.18722222222223,72.32111111111111,614.3076666666666,5891.766666666666,98.66004666666666,49.25337333333333,88.8496464341084,79.96335451030326,568.9144150119166,102.28765555555556,84.02652333331962,63.57878444444445,81.3442,72.52550666666666,38.55733333333335,32.25745222222222,28.2501898117967,85.04136444444444,61.16643333333333,53.45337555555557,62.54621766666651,65.51333555555556,39.30136666666649,73.28135888888889,48.09316333333334,82.68786000000003,82.35746888888889,47.64981555555558,86.23504999998626,80.86455666666667,197.72233666666665,52.14279723413878,33.55984669049981,71.26021111111112,61.805808777777784,55.40818999999984,113.24076111111111,79.16228777777778,69.92370333333334,50.76704777777778,44.921800000000005,3.5014800000000004,26.42197991691943,15.110899999999999,15.110899999999999,50.37093991691949,68.06913991691994,23.75271891691946,0.867579,16.2442,29.75282991691996,97.06857983383975,19.812810000000002,18.57969,16.3491,165.16499999999996,14.720040000000001,9.23523,37.50523991691943,26.75713991691946,6.61434,18.57969,123.165,16.3491,16.2442,3.5125199999999994,1.5023199999999999,29.59338,6.68116,3.872,28.3131599169199,8.83688888888889,168.45590392463862,56.97732666666668,197.72233555555556,46.35045888888889,40.12328555555556,79.71302666666669,159.89166666666668,106.60555666666667,92.04894675675068,47.3618977777776,40.75066888888871,62.76580111111112,53.63870333333334,63.78775304741626,59.551177777775514,41.92426111111112,45.184,67.61723991691946,0.672471,65.75271891691983,1.48853,18.57969,1.4872919999999998,39.07070991691943,61.06543333333334,27.4858,104.5234399169194,44.586504000000055,0.858903,45.184,3.548,16.3491,42.85890299999994,3.4242600000000003,3.4242600000000003,28.332299916919514,3.53684,16.3491,5.42802,27.485799999999998,45.184,14.889299999999999,0.6792630000000001,14.473889999999999,6.02451,6.02451,28.90964991691946,18.767400000000002,60.81,16.3491,44.7321,5.39268,14.74038,18.57969,68.4219799169197,24.358781916919828,3.8332800000000002,18.57969,15.110899999999999,29.59338,29.59338,16.3491,3.5014800000000004,58.3491,3.5014800000000004,14.6201,3.53684,16.3491,0.6792630000000001,0.867579,27.4858,23.752718916919857,14.959829999999998,18.57969
10,2,37.141305333333335,74.45934666666666,69.92556966666666,200.47079555555555,145.7652222222222,72.27521111111112,612.8376844444375,5870.136666666666,98.11870555555556,45.07184658358655,87.11034444444445,81.28557888888889,578.3043333333333,102.14365555555557,84.02111444443759,62.881524444444445,82.66643111111111,72.5255155555487,37.54098666666668,32.19514222222222,22.407138690499846,84.83705555555557,61.16643333333333,51.384486666666675,57.708436666666664,62.98749927249984,41.43247555555556,70.24594666666667,49.036653471708654,82.14105555555557,82.23909888888889,46.91870333333334,87.68190444444446,80.93781666666666,198.97355555555555,51.49160444444445,32.19514222222222,80.2454970502776,59.27996916138872,55.40818666666668,112.90145666666668,79.16228555555557,71.24593333333334,51.41474111111112,44.774800000000006,3.5014800000000004,3.53684,15.1055,57.1055,27.2815,45.038500000000006,0.867579,0.867579,58.2442,6.094740000000002,50.9556,19.937459999999998,17.13909,16.3491,145.62813991691996,14.720040000000001,51.172920000000055,14.6326,3.872,5.91708,17.13909,206.743,16.3491,16.2442,45.51252000000006,1.5023199999999999,29.05203,5.97684,3.872,5.42802,8.83688888888889,178.14037002383316,57.646215555555564,197.65133333333335,49.850457777777784,40.12328444444445,75.74658816138867,158.80077777777777,98.22187777777779,92.82980777777777,47.96847555555556,40.760986666666675,62.56150000000001,46.15005836908816,63.11882149472201,54.93918555555556,46.45091993332316,45.0385,44.588100000000004,0.672471,23.752718916919992,1.48853,17.13909,1.4872919999999998,58.18557,60.473239916919894,27.2815,62.31673991691996,25.471643916919824,0.858903,129.03850000000006,3.548,58.34910000000006,23.744042916919962,3.4242600000000003,3.4242600000000003,5.44716,3.53684,58.3491,5.42802,69.28150000000005,45.0385,14.8836,0.6792630000000001,14.48631,6.02451,6.02451,6.02451,17.3122,60.764100000000006,16.3491,86.5881,5.39268,14.73474,59.139089999999996,26.42197991691986,1.4736420000000001,45.83328,59.13909000000005,15.1055,71.05203,29.05203,16.3491,3.5014800000000004,39.23423991691986,3.5014800000000004,14.632600000000002,3.53684,100.34910000000005,42.679263,42.867579000000056,27.2815,0.867579,14.95443,17.13909
10,3,48.687537444444445,74.45935555555556,69.92556966666666,200.72487777777775,156.65033333333332,95.35713333333334,609.2856844444376,5797.596666666666,97.49520666666666,60.76448444444445,84.62344807189513,82.60779333333333,597.7745733333334,113.4850022222085,85.10176555555556,57.597146322777334,83.98865333333333,72.52553333332648,38.60312333333334,69.63235706571135,27.16517055555556,84.89175555555556,95.69980222222222,51.38448444444445,66.04621666666668,62.98750038361091,39.30136444444445,77.96953444444445,50.22620111111111,77.60097593916653,82.46190222222224,42.749814444444446,87.79153333332647,82.09810555555556,196.7047203836109,42.67542484348908,43.91521222222222,82.77133111111112,57.63691655555556,55.408185555555555,113.13678666666667,79.16228555555556,72.56814666666666,52.45955000000001,44.6006,3.5014800000000004,3.53684,16.1971,39.0822399169199,27.3362,86.86680000000001,0.867579,0.867579,39.129339916920124,47.84787,49.8576,62.04708,17.361900000000002,16.3491,122.117,14.720040000000001,32.26700991691996,14.983600000000001,45.93368,47.68437,17.361900000000002,167.88727983383973,58.3491,16.2442,26.397659916919824,43.84284,70.42854,47.74179,87.93368000000005,47.52546,8.83688888888889,172.4788852116663,53.47732666666667,187.80498931222147,46.35045777777778,40.12328444444445,63.25467187833293,156.77477918300625,102.45046666666667,93.52854888888889,47.50853666666667,40.79645666666667,62.616200000000006,32.90058580296896,55.81159368927012,54.19223777777777,46.45092777777778,86.86680000000001,44.4183,42.672471,0.867579,1.82789,17.361900000000002,1.824414,39.070709916919995,44.4183,69.33620000000006,39.1813,2.5865039999999997,0.858903,90.63707983384009,45.548,39.234239916919826,0.858903,3.4242600000000003,3.4242600000000003,5.44716,3.53684,39.23423991692,5.52546,92.22133991691983,44.866800000000005,57.938900000000004,0.6792630000000001,14.83374,48.02451,6.02451,48.02451,101.53730000000006,60.823800000000006,100.34909999999999,67.30343991691998,5.39268,57.77955,82.24703991691986,3.53684,1.809615,26.779499916919992,40.24703991691983,100.1971,51.31367991691966,28.42854,16.3491,45.50148,16.3491,87.50148000000011,14.983600000000001,3.53684,62.11937983383968,23.564402916919992,23.752718916919825,27.3362,0.867579,58.03509,17.361900000000002
10,4,71.71677622222224,74.4593555555487,69.92556966666666,199.37338891750895,148.01113058912534,113.90202880580878,607.8096755555488,5801.976675555556,97.08585666666666,79.60519769469767,84.90153333333333,81.28557281071058,592.1170288058088,113.44149333333334,83.59768555555556,52.91930298944409,82.66644000000002,72.52551555555556,37.58350666666668,77.81077555555557,26.829197555555563,79.95672880580886,95.69977555555556,51.38448444444445,61.87732372166757,57.935826706388326,41.370253333333345,73.04714444444446,46.824344582819755,75.16330042333274,81.4025,42.749814444444446,86.46648222222221,80.27856666666666,185.23637636249924,63.00273333333334,66.29967333333333,82.77132222222221,47.53357253444374,55.408185555555555,112.82375555555555,76.63645038361093,71.24592444444446,49.10366593916653,44.557900000000004,45.50148,3.53684,14.6778,56.6778,26.5827,67.70823991691985,0.867579,0.867579,16.2442,28.15640991691986,50.8771,42.92939991691979,56.98026,58.3491,121.985,14.720040000000001,8.744099999999998,14.3405,26.757139916919858,28.060559916920123,14.98026,121.985,39.23423991691979,16.2442,45.51252,66.3874599169198,92.90432991691982,28.112819916919857,49.64227983383962,28.313159916919826,8.83688888888889,153.26194260583318,53.47732555555556,169.91027892861058,49.850456666666695,35.6471915452618,48.158307817499555,157.31166666666667,101.48577681470314,93.11919888888889,47.539655555555555,41.47239555555556,51.934015327445465,14.615238185220996,40.795994857488324,53.75966666666667,40.91494560042305,109.70823991691985,86.37480000000005,23.55761091691986,0.867579,1.48853,14.98026,1.4872919999999998,16.18557,44.3748,49.46783991691983,39.1268,2.5865039999999997,0.858903,44.8231,26.433139916919856,16.3491,0.858903,3.4242600000000003,3.4242600000000003,5.44716,45.53684,58.3491,47.428020000000004,49.46783991692009,86.82310000000005,37.35713991691979,0.6792630000000001,14.19711,28.909649916919857,6.02451,28.909649916919857,60.90187983383968,102.52799999999999,62.11937983383965,86.3748,5.39268,37.21241991691979,37.8653999169198,3.53684,1.4736420000000001,3.8332800000000002,56.98026,57.03307246979151,28.01919,70.01919,16.3491,26.386619916920125,16.3491,49.27175983383965,56.3405,45.53684,16.3491,0.6792630000000001,42.867579,26.5827,0.867579,37.416149916919856,14.98026
10,5,71.19080744444445,73.86745555555557,69.33366295555557,203.516772660656,180.42146222222223,117.30565555555556,608.2866666666666,5819.965148805809,85.68373641742652,82.95525333333333,81.12283333333335,71.20202003972169,596.7755644444445,113.40666666666667,83.38029666666667,53.34050298944423,77.35528705027764,71.32972555555557,32.36809493154445,78.25099555555556,27.22658670638844,84.10827752853754,91.98606666666666,50.55300444444445,50.782127777777774,46.70061559527719,40.18640833333334,69.88175555555556,48.39585222222223,45.66508888888889,84.79869222222221,45.872383333333346,88.14012444444444,76.43082755239651,147.3191111111111,74.46041111110415,74.06946880580881,82.89774444444444,31.61554890055522,54.810295555555555,100.34171153444382,65.38238227931895,60.09858954188846,32.14733828626819,44.525400000000005,25.79469891691986,2.9389499999999997,14.458200000000001,37.34333991691983,69.5862,44.788,0.26968400000000003,0.26968400000000003,13.4589,5.80443,48.4743,20.39568,41.261609916919795,38.038439916919856,121.777,13.88856,8.639880000000002,13.1456,2.5267399999999998,5.59662,18.37647,121.777,15.1533,13.4589,25.213826916919825,23.79977191692006,52.04678991691986,5.65316,2.5267399999999998,4.244190000000001,7.641098888888889,143.47105371694428,51.38879555555557,147.3191111111111,46.42744666666667,30.062564179532338,28.56535888888889,156.43477777777778,100.70787777777778,93.05804176649124,47.43543555555554,40.27224666666667,52.40857002384294,11.05905,35.28975999018175,54.153146666666665,14.596352547989174,67.6731399169197,67.22513991691983,0.0805548,0.26968400000000003,0.902,18.37647,42.905484,15.00174,44.34,27.5862,38.4794,1.994589,0.2669874,44.788,2.35221,15.1533,0.2669874,2.2404210000000004,2.2404210000000004,46.84926000000001,25.824089916919856,38.03843991691983,27.129329916919858,27.5862,67.67313991691982,14.226299999999998,0.0813684,13.01412,4.98867,4.98867,4.98867,18.562099999999997,82.63523991691993,15.1533,67.22513991691986,46.80078,14.084040000000002,18.37647,2.9389499999999997,42.89298,2.501469,41.26160991691986,14.458200000000001,29.16165,52.0467899169198,15.1533,2.9095590000000002,15.1533,2.9095590000000002,36.03073991692014,25.824089916919856,15.1533,0.0813684,23.154823916919927,69.58620000000006,0.26968400000000003,14.31363,18.37647
10,6,72.4913555555555,73.86749111111112,69.83348422222222,204.42812486751018,196.68812,132.44337333333334,638.3857111111042,5982.1866755555675,143.3590421391314,98.24249444444445,102.48313842377209,79.40543873368766,638.3856844444445,115.81900222219666,88.45101,34.094155595277265,94.94845333333333,71.32976999995883,13.521159602731364,82.07444444444445,14.55677877777778,89.36501769469768,124.85150222222224,66.50914945975853,74.06530174418576,28.499005211666336,40.18430666666666,83.63182455260983,24.25588886189915,90.46530927249984,91.07419646865368,48.634402121552114,89.79389817622345,68.25627425436734,152.0261111111111,73.9159541741598,77.34846436136435,95.05749333333341,23.95249740583319,48.21953003971937,106.97965440108612,90.2561604059575,55.25011103217578,30.82266200881415,46.9862,2.9095590000000002,2.9389499999999997,61.5801,19.580099999999998,57.78723991691985,47.224599999999995,0.7745259999999999,0.7745259999999999,27.204,11.31351,65.8078,24.57525,28.50003,25.9908,127.077,29.175810000000002,11.91888,40.628699999999995,34.9621,10.63833,28.50003,127.077,25.9908,27.204,2.328687,2.63358,77.385,10.7458,34.9621,10.575899999999999,7.64109888888879,150.70389,69.89640777777778,152.0261111111111,56.40828393743928,29.916537425859467,38.68891888888889,163.07255777777777,109.42114058139526,138.75556070049902,52.052219888888736,38.44759102796473,55.91724301327727,15.61579,34.12052038361096,53.65687718113457,11.20363761480749,47.224599999999995,46.752300000000005,0.0805548,0.7745259999999999,2.6050500000000003,28.50003,25.49238291691946,25.73094,88.75229999999998,34.9021,40.852599999999995,2.971458,0.766782,47.224599999999995,2.35221,25.9908,0.766782,2.2404210000000004,44.240421,27.73439991692006,2.9389499999999997,25.9908,10.575899999999999,34.9021,47.224599999999995,19.2069,0.0813684,40.2225,9.49983,9.49983,9.49983,28.7879,104.2878,25.9908,46.752300000000005,27.685919916919826,19.01487,28.50003,2.9389499999999997,25.464140916919927,34.6125,28.50003,19.580099999999998,77.385,77.385,25.99079999999998,2.9095590000000002,25.9908,2.9095590000000002,40.628699999999995,2.9389499999999997,25.9908,0.0813684,0.7745259999999999,57.78723991691982,0.7745259999999999,19.38429,28.50003
10,7,14.72286,24.39351,1.099005,145.2183,138.773,117.6936,719.022,6098.46,85.70370000000001,53.396100000000004,74.1072,104.97630000000001,719.022,49.9968,54.60810000000001,17.17818,54.7955,11.6691,14.8716,16.58751,17.152949999999997,91.2676,55.784800000000004,53.396100000000004,54.2475,13.1729,13.71828,91.2676,54.60810000000001,86.56939999999999,43.766400000000004,52.7335,98.0283,42.3579,146.685,24.6399,16.58751,106.037,0.47238600000000003,12.2317,74.1072,55.227,2.9095590000000002,52.5045,50.2917,2.9095590000000002,2.9389499999999997,55.1596,55.1596,91.2676,50.5017,1.11011,1.11011,54.7955,18.58479,74.8557,98.0283,43.766400000000004,106.037,138.773,53.396100000000004,16.58751,53.2334,48.3204,17.17818,43.766400000000004,138.773,106.037,54.7955,13.73349,17.3459,85.70370000000001,17.3517,48.3204,75.25229999999999,13.872200000000001,146.685,54.2475,146.685,24.39351,11.6691,43.766400000000004,138.773,117.6936,85.70370000000001,16.58751,14.8716,91.2676,52.7335,106.037,15.9981,11.552370000000002,50.5017,49.9968,0.47238600000000003,1.11011,17.3262,43.766400000000004,17.172449999999998,104.97630000000001,49.9968,91.2676,45.6811,12.10938,1.099005,50.5017,13.872200000000001,106.037,1.099005,11.552370000000002,11.552370000000002,24.6399,2.9389499999999997,106.037,75.25229999999999,91.2676,50.5017,53.034699999999994,0.477158,52.701,52.206,52.206,52.206,44.208400000000005,117.6936,106.037,49.9968,24.39351,52.5045,43.766400000000004,2.9389499999999997,17.152949999999997,47.83710000000001,43.766400000000004,55.1596,85.70370000000001,85.70370000000001,106.037,2.9095590000000002,106.037,2.9095590000000002,53.2334,2.9389499999999997,106.037,0.477158,1.11011,91.2676,1.11011,54.60810000000001,43.766400000000004
