day,hour,10,38,32,17,36,18,11,26,12,13,46,39,58,62,83,68,66,104,90,8,121,81,123,137,143,112,75,126,50,136,85,113,134,150,141,116,133,117,119,152,124,45,111,129,436,372,446,427,281,391,435,445,307,404,328,423,318,395,451,337,321,390,426,400,327,429,414,417,296,378,422,320,405,291,274,272,251,217,215,235,259,240,268,172,166,163,245,236,267,271,87,223,769,700,688,559,761,837,793,638,628,459,755,482,584,727,590,715,483,783,631,714,560,686,856,739,462,879,786,870,527,545,843,600,736,630,476,637,855,550,865,792,475,705,473,745,533,869,785,614,682,572,901,887,888,882,892,900,894,860
10,8,1420.8000000000002,1420.8000000000002,1420.8000000000002,1382.24,1432.0000000000002,1432.0000000000002,1420.8000000000002,1420.8000000000002,1432.0000000000002,1420.8000000000002,736.16,1325.5999999999997,1363.2,1420.8000000000002,1420.8000000000002,1128.9599999999998,1352.7999999999997,1420.8000000000002,740.16,1437.6000000000001,783.1999999999999,1331.2,1420.8000000000002,758.24,942.0799999999998,1257.5999999999997,754.2399999999999,948.9599999999998,701.1200000000001,1128.9599999999998,1325.5999999999997,804.64,1366.3999999999999,1251.2,1311.9999999999998,1357.6000000000001,1137.6,1352.7999999999997,1171.84,1171.84,1284.7999999999997,1171.84,1379.9999999999998,726.72,864.0,864.0,864.0,864.0,864.0,864.0,864.0,864.0,864.0,864.0,864.0,864.0,864.0,864.0,864.0,864.0,864.0,864.0,864.0,864.0,864.0,864.0,864.0,864.0,864.0,864.0,864.0,864.0,864.0,864.0,864.0,297.12,987.9999999999998,801.6,1234.3999999999999,1014.0799999999997,827.04,1147.1999999999998,737.6,906.0799999999998,1311.9999999999998,798.0799999999998,773.28,722.88,902.2399999999998,923.3599999999999,1092.9599999999998,829.9199999999998,864.0,864.0,864.0,864.0,864.0,864.0,864.0,864.0,600.0,864.0,864.0,864.0,864.0,864.0,864.0,864.0,864.0,864.0,864.0,864.0,864.0,864.0,864.0,864.0,864.0,864.0,864.0,864.0,864.0,864.0,864.0,864.0,864.0,864.0,864.0,864.0,864.0,864.0,864.0,864.0,864.0,864.0,864.0,864.0,864.0,600.0,864.0,864.0,864.0,864.0,432.0,864.0,864.0,864.0,864.0,864.0,864.0,864.0
10,9,1408.1473977162007,1407.1741206174468,1381.7913747425296,1360.742341005548,1422.267229012462,1416.1494872488668,1411.0672290124623,1412.7357040388972,1413.8820724693526,1416.6288124339123,729.27865033095,1321.428812433912,1352.4597469248217,1412.4576248678245,1407.148840692804,1122.07865033095,1341.5383484790605,1416.9068916049848,719.5159509928501,1423.6960414463742,762.55595099285,1318.4789877384273,1409.1206748149546,747.917975496425,942.0799999999998,1250.71865033095,750.7993251654749,945.5193251654748,659.8319019857001,1115.1973006619,1321.428812433912,794.317975496425,1358.5790233135854,1232.2147397822428,1299.278987738427,1349.9881375993873,1120.3966258273751,1352.7999999999997,1168.399325165475,1168.3993251654751,1273.7474627648621,1171.84,1364.0457624672117,699.1946013238,859.8288124339124,859.8288124339124,855.9357040388973,864.0,864.0,860.1068916049849,864.0,855.9357040388973,855.6576248678247,859.8288124339124,864.0,864.0,859.5079518519055,859.8288124339124,859.8288124339124,859.8288124339124,859.8288124339124,864.0,854.267229012462,860.1068916049849,859.8288124339124,853.9891498413895,864.0,864.0,859.5079518519055,864.0,864.0,864.0,859.8288124339124,864.0,864.0,283.35730066190007,963.915276158325,794.71865033095,1224.0779754964249,1014.0799999999997,816.717975496425,1133.4373006618998,723.8373006619,902.6393251654749,1311.9999999999998,787.7579754964249,759.5173006619,695.3546013238001,874.7146013238,909.5973006618999,1092.9599999999998,798.9539264892751,864.0,860.1068916049849,858.1603374074772,864.0,864.0,855.6576248678247,858.1603374074772,860.1068916049849,600.0,857.5114860083081,860.1068916049849,859.8288124339124,864.0,864.0,859.8288124339124,864.0,856.7004217593465,859.8288124339124,864.0,860.1068916049849,864.0,864.0,864.0,864.0,859.8288124339124,858.1603374074772,858.1603374074772,864.0,858.1603374074772,860.1068916049849,859.8288124339124,864.0,864.0,864.0,864.0,859.8288124339124,858.1603374074772,864.0,864.0,864.0,859.8288124339124,864.0,860.5649043573396,860.9264933723564,859.8288124339124,595.8288124339124,864.0,859.8288124339124,864.0,859.8288124339124,432.0,864.0,859.5079518519055,864.0,864.0,864.0,859.8288124339124,859.8288124339124
10,10,1395.4947954324014,1393.5482412348936,1342.7827494850599,1339.244682011096,1412.534458024924,1400.2989744977338,1401.3344580249243,1404.6714080777945,1395.764144938705,1412.4576248678247,722.3973006619,1317.2576248678242,1341.7194938496432,1404.1152497356493,1393.497681385608,1115.1973006619003,1325.7846488100265,1413.0137832099697,698.8719019857001,1409.7920828927488,741.9119019857002,1305.7579754768547,1397.4413496299092,737.59595099285,942.0799999999998,1243.8373006619001,747.3586503309499,942.0786503309499,618.5438039714002,1101.4346013238,1317.2576248678242,783.99595099285,1350.7580466271709,1209.058291998398,1286.5579754768544,1342.3762751987747,1103.1932516547502,1352.7999999999997,1164.95865033095,1164.9586503309501,1262.6949255297245,1171.84,1343.2251394406546,671.6692026476001,855.6576248678247,855.6576248678247,847.8714080777943,864.0,864.0,856.2137832099697,864.0,847.8714080777943,847.3152497356493,855.6576248678247,864.0,864.0,855.0159037038111,855.6576248678247,855.6576248678247,855.6576248678247,855.6576248678247,864.0,844.5344580249241,856.2137832099697,855.6576248678247,843.978299682779,864.0,864.0,855.0159037038111,864.0,864.0,864.0,855.6576248678247,864.0,864.0,269.5946013238001,939.83055231665,787.8373006619,1213.7559509928499,1014.0799999999997,806.39595099285,1119.6746013237998,710.0746013238,899.1986503309499,1311.9999999999998,777.4359509928499,745.7546013238001,667.8292026476001,847.1892026476002,895.8346013237999,1092.9599999999998,767.9878529785501,864.0,856.2137832099697,852.3206748149544,864.0,859.5079518519055,847.3152497356493,852.3206748149544,856.2137832099697,600.0,851.022972016616,856.2137832099697,855.6576248678247,857.5114860083081,864.0,855.6576248678247,859.5079518519055,849.400843518693,855.6576248678247,864.0,856.2137832099697,864.0,864.0,864.0,864.0,855.6576248678247,852.3206748149544,852.3206748149544,859.5079518519055,852.3206748149544,856.2137832099697,855.6576248678247,864.0,864.0,864.0,864.0,855.6576248678247,852.3206748149544,864.0,864.0,864.0,855.6576248678247,864.0,857.1298087146791,857.8529867447128,855.6576248678247,591.6576248678247,864.0,855.6576248678247,864.0,855.6576248678247,432.0,864.0,855.0159037038111,864.0,864.0,864.0,855.6576248678247,855.6576248678247
10,11,1382.8421931486018,1379.9223618523406,1303.7741242275893,1317.747023016644,1402.8016870373863,1384.4484617466003,1391.6016870373865,1388.6799683259364,1377.646217408057,1402.446774709214,715.51595099285,1313.0864373017366,1330.9792407744646,1395.7728746034736,1379.8465220784117,1108.3159509928503,1310.0309491409926,1404.2542893211855,678.2278529785501,1395.8881243391227,721.2678529785503,1293.036963215282,1385.7620244448635,727.273926489275,942.0799999999998,1236.9559509928501,743.9179754964249,938.6379754964249,577.2557059571003,1087.6719019857,1313.0864373017366,773.673926489275,1342.9370699407564,1181.4097960664587,1273.8369632152815,1334.7644127981619,1085.9898774821252,1352.7999999999997,1161.517975496425,1161.5179754964252,1251.642388294587,1171.84,1317.5381309203285,644.1438039714001,851.4864373017369,851.4864373017369,839.8071121166915,864.0,864.0,852.3206748149546,864.0,839.8071121166915,838.9728746034739,851.4864373017369,864.0,864.0,850.5238555557166,851.4864373017369,851.4864373017369,851.4864373017369,851.4864373017369,864.0,834.8016870373862,852.3206748149546,851.4864373017369,833.9674495241686,864.0,864.0,845.6574700619477,864.0,864.0,864.0,851.4864373017369,864.0,864.0,255.83190198570009,915.745828474975,780.95595099285,1203.4339264892749,1014.0799999999997,796.073926489275,1105.9119019856998,696.3119019857002,895.7579754964249,1311.9999999999998,767.1139264892751,731.9919019857001,640.3038039714002,819.6638039714002,882.0719019856999,1092.9599999999998,737.0217794678251,860.5649043573396,852.3206748149546,846.4810122224317,864.0,855.0159037038111,838.9728746034739,846.4810122224317,852.3206748149546,600.0,844.5344580249241,852.3206748149546,851.4864373017369,851.022972016616,864.0,851.4864373017369,855.0159037038111,842.1012652780395,851.4864373017369,864.0,852.3206748149546,858.6912158249793,864.0,864.0,864.0,851.4864373017369,846.4810122224317,846.4810122224317,855.0159037038111,846.4810122224317,852.3206748149546,851.4864373017369,864.0,864.0,864.0,864.0,851.4864373017369,846.4810122224317,864.0,859.5079518519055,864.0,851.4864373017369,864.0,848.8283275782496,854.7794801170693,851.4864373017369,577.753666314199,864.0,851.4864373017369,864.0,851.4864373017369,432.0,864.0,850.5238555557166,864.0,859.133614506231,864.0,851.4864373017369,851.4864373017369
10,12,1370.1895908648025,1366.2964824697872,1264.765498970119,1296.249364022192,1393.068916049848,1368.597948995467,1381.8689160498484,1372.6885285740786,1359.5282898774096,1392.4359245506037,708.6346013238,1308.915249735649,1314.9302035242654,1387.4304994712984,1366.1953627712157,1101.4346013238003,1294.2772494719586,1395.4947954324011,657.5838039714001,1381.9841657854972,700.6238039714003,1280.315950953709,1368.7739150847972,716.9519019857,942.0799999999998,1230.0746013238002,740.4773006619,935.1973006618999,535.9676079428003,1073.9092026476,1308.915249735649,763.3519019857,1335.116093254342,1153.7613001345194,1261.1159509537088,1327.1525503975492,1068.7865033095002,1352.7999999999997,1158.0773006619,1158.0773006619002,1240.589851059449,1171.84,1288.416026757342,616.6184052952001,847.3152497356493,847.3152497356493,831.7428161555886,864.0,864.0,848.4275664199394,864.0,831.7428161555886,830.6304994712985,847.3152497356493,864.0,864.0,846.0318074076222,847.3152497356493,847.3152497356493,847.3152497356493,847.3152497356493,864.0,825.0689160498482,848.4275664199394,847.3152497356493,823.9565993655581,864.0,864.0,836.2990364200843,864.0,864.0,864.0,847.3152497356493,864.0,864.0,242.06920264760012,891.6611046333003,774.0746013238,1193.1119019857,1014.0799999999997,785.7519019857001,1092.1492026476,682.5492026476002,892.3173006618999,1311.9999999999998,756.7919019857001,718.2292026476001,612.7784052952002,792.1384052952004,868.3092026475999,1092.9599999999998,706.0557059571001,857.1298087146791,848.4275664199394,840.6413496299087,864.0,850.5238555557166,830.6304994712985,840.6413496299087,848.4275664199394,600.0,838.0459440332321,848.4275664199394,847.3152497356493,844.5344580249241,864.0,847.3152497356493,850.5238555557166,834.801687037386,841.4755871431264,858.1603374074772,848.4275664199394,853.3824316499586,864.0,864.0,864.0,847.3152497356493,840.6413496299087,840.6413496299087,850.5238555557166,840.6413496299087,848.4275664199394,847.3152497356493,864.0,864.0,864.0,864.0,847.3152497356493,840.6413496299087,864.0,855.0159037038111,864.0,847.3152497356493,864.0,840.5268464418202,851.7059734894257,847.3152497356493,563.8497077605733,864.0,847.3152497356493,864.0,847.3152497356493,432.0,864.0,846.0318074076222,864.0,854.267229012462,864.0,847.3152497356493,847.3152497356493
10,13,1351.6973259884803,1340.3424265030194,1225.756873712649,1268.9120424352172,1383.3361450623102,1349.3123406016732,1372.13614506231,1350.2085748305287,1334.9218483550699,1382.425074391993,701.75325165475,1304.7440621695612,1298.8811662740663,1379.0881243391232,1352.5442034640196,1094.5532516547503,1278.523549802925,1386.7353015436172,636.9397549642501,1364.6451115892112,671.9366189874387,1262.2861545171156,1346.4770215497101,702.3290339389689,942.0799999999998,1223.1932516547502,727.8205325206117,927.4557822842187,494.67950992850047,1051.5448162231878,1304.7440621695612,753.029877482125,1322.9942730247715,1114.9643574350366,1248.394938692136,1319.5406879969364,1046.2743449618545,1352.7999999999997,1154.636625827375,1154.6366258273752,1229.5373138243115,1166.9247502363928,1259.2939225943555,585.270034580639,843.1440621695616,843.1440621695616,823.6785201944858,864.0,864.0,844.5344580249241,864.0,823.6785201944858,822.2881243391232,843.1440621695616,864.0,864.0,841.5397592595277,843.1440621695616,843.1440621695616,843.1440621695616,843.1440621695616,864.0,815.3361450623102,844.5344580249241,843.1440621695616,813.9457492069475,864.0,864.0,826.9406027782209,864.0,864.0,864.0,843.1440621695616,864.0,864.0,228.3065033095002,867.5763807916253,767.19325165475,1178.489033938969,1005.4783129136874,766.2137841753618,1073.471253545893,668.7865033095002,880.8334898505633,1311.9999999999998,743.3419912689205,700.165659766344,585.2530066190002,764.6130066190004,837.2065944212195,1088.6591564568437,670.1743826827683,853.6947130720187,844.5344580249241,834.801687037386,864.0,846.0318074076222,822.2881243391232,834.801687037386,844.5344580249241,600.0,831.5574300415401,844.5344580249241,843.1440621695616,838.0459440332321,864.0,843.1440621695616,846.0318074076222,827.5021087967325,831.464736984516,852.3206748149544,844.5344580249241,848.0736474749378,864.0,864.0,864.0,843.1440621695616,834.801687037386,834.801687037386,846.0318074076222,834.801687037386,844.5344580249241,843.1440621695616,864.0,864.0,864.0,864.0,843.1440621695616,834.801687037386,864.0,850.5238555557166,864.0,843.1440621695616,864.0,832.2253653053908,848.6324668617822,843.1440621695616,549.9457492069477,864.0,843.1440621695616,864.0,843.1440621695616,432.0,864.0,841.5397592595277,864.0,849.4008435186931,864.0,843.1440621695616,843.1440621695616
10,14,1327.8962769371371,1314.3883705362514,1186.7482484551786,1241.5747208482424,1360.508373109721,1330.0267322078796,1362.4033740747723,1321.8889584944561,1304.4757442402074,1372.4142242333826,694.8719019857,1300.5728746034736,1282.832129023867,1364.9060866144248,1338.8930441568232,1087.6719019857003,1262.769850133891,1371.487293663141,616.2957059571003,1343.4129489979098,643.2494340034771,1226.6193973212864,1318.3404654221004,687.7061658922377,942.0799999999998,1216.3119019857002,715.1637643793234,919.7142639065374,453.39141191420055,1029.1804297987753,1300.5728746034736,742.7078529785502,1305.56366862018,1076.1674147355538,1235.6739264305634,1306.089163003801,1018.453402439188,1352.7999999999997,1151.19595099285,1151.1959509928502,1218.4847765891739,1158.1865284344246,1230.171818431369,553.921663866078,838.9728746034739,838.9728746034739,815.6142242333829,864.0,864.0,840.641349629909,864.0,815.6142242333829,813.9457492069478,838.9728746034739,864.0,864.0,837.0477111114334,838.9728746034739,838.9728746034739,838.9728746034739,838.9728746034739,864.0,805.6033740747722,840.641349629909,838.9728746034739,803.934899048337,864.0,864.0,817.5821691363574,864.0,864.0,864.0,838.9728746034739,864.0,864.0,214.5438039714002,843.4916569499503,760.3119019857002,1163.8661658922376,996.876625827375,746.6756663650234,1054.7933044441859,655.0238039714002,869.3496790392267,1311.9999999999998,729.892080552141,682.1021168850878,557.7276079428003,737.0876079428004,806.1039861948389,1084.3583129136873,634.2930594084362,850.2596174293583,840.641349629909,828.9620244448631,864.0,841.5397592595277,813.9457492069478,825.068916049848,840.641349629909,600.0,825.0689160498481,840.641349629909,838.9728746034739,831.5574300415401,864.0,838.9728746034739,841.5397592595277,820.202530556079,821.4538868259056,846.4810122224317,840.641349629909,842.7648632999172,864.0,864.0,864.0,838.9728746034739,828.9620244448631,828.9620244448631,841.5397592595277,828.9620244448631,840.641349629909,838.9728746034739,864.0,864.0,864.0,864.0,838.9728746034739,828.9620244448631,864.0,846.0318074076222,864.0,838.9728746034739,864.0,823.9238841689614,845.5589602341386,838.9728746034739,536.041790653322,864.0,838.9728746034739,864.0,838.9728746034739,432.0,864.0,837.0477111114334,864.0,844.5344580249241,864.0,838.9728746034739,838.9728746034739
10,15,1304.0952278857947,1288.4343145694834,1147.7396231977084,1214.2373992612675,1337.680601157132,1306.8480154190706,1352.6706030872342,1293.5693421583837,1274.029640125345,1362.4033740747723,683.6897087734937,1292.1008434942296,1266.7830917736678,1350.7240488897266,1325.2418848496272,1072.1888652303376,1247.016150464857,1356.2392857826649,591.3508134067941,1322.1807864066086,614.5622490195154,1187.0595317304424,1290.2039092944906,669.2603258071454,942.0799999999998,1197.0058931919768,698.6840241996739,911.9727455288562,412.1033138999008,1006.8160433743631,1296.4016870373857,715.1824543023504,1283.8322206724324,1037.3704720360709,1219.1299421306296,1288.466450444578,990.6324599165216,1348.4991564568436,1147.755276158325,1139.153589072013,1207.432239354036,1145.1474630893003,1196.7488707252262,518.2724496083611,834.8016870373863,834.8016870373863,807.5499282722801,864.0,864.0,836.7482412348938,864.0,807.5499282722801,805.6033740747724,834.8016870373863,864.0,864.0,832.5556629633389,834.8016870373863,834.8016870373863,834.8016870373863,834.8016870373863,864.0,795.8706030872343,836.7482412348938,834.8016870373863,793.9240488897266,864.0,864.0,808.223735494494,864.0,864.0,864.0,834.8016870373863,864.0,864.0,200.78110463330023,819.4069331082753,749.1297087734939,1140.6416107591942,983.9740951979063,722.8367050115288,1031.8145117993226,636.960261090144,853.5650246847338,1311.9999999999998,707.8404827490492,664.0385740038315,530.2022092666007,709.5622092666005,775.0013779684581,1076.23449733217,598.4117361341042,846.8245217866977,836.7482412348938,823.1223618523404,864.0,837.0477111114334,805.6033740747724,815.33614506231,836.7482412348938,600.0,818.5804020581561,836.7482412348938,834.8016870373863,825.0689160498481,864.0,834.8016870373863,837.0477111114334,812.9029523154254,811.443036667295,840.6413496299087,836.7482412348938,837.4560791248965,864.0,864.0,864.0,834.8016870373863,823.1223618523404,823.1223618523404,837.0477111114334,823.1223618523404,836.7482412348938,834.8016870373863,864.0,864.0,864.0,864.0,834.8016870373863,823.1223618523404,864.0,841.5397592595277,864.0,834.8016870373863,864.0,815.6224030325319,842.485453606495,834.8016870373863,522.1378320996963,864.0,834.8016870373863,864.0,834.8016870373863,432.0,864.0,832.5556629633389,864.0,839.6680725311551,864.0,834.8016870373863,834.8016870373863
10,16,1280.2941788344515,1262.4802586027151,1108.7309979402382,1186.9000776742928,1314.8528292045428,1283.6692986302617,1342.9378320996964,1265.2497258223111,1235.2411608783068,1352.3925239161615,672.5075155612875,1272.4466191727797,1258.033632764122,1336.5420111650283,1311.590725542431,1056.705828474975,1231.262450795823,1340.9912779021886,556.5754213292737,1300.9486238153067,585.8750640355538,1143.3284785735104,1262.0673531668806,650.814485722053,932.8639066932365,1172.7846346346462,667.4585347292032,899.3159773875678,370.81521588560094,984.4516569499507,1287.315249707691,678.440962319387,1258.66009789016,998.5735293365881,1202.5859578306956,1270.8437378853546,958.3194692457607,1344.1983129136872,1129.5688520329786,1122.810383608019,1196.3797021188984,1122.8923044374126,1163.3259230190833,479.18256051611877,830.6304994712984,830.6304994712984,799.4856323111771,864.0,864.0,832.8551328398787,864.0,799.4856323111771,797.260998942597,830.6304994712984,864.0,864.0,828.0636148152445,830.6304994712984,830.6304994712984,830.6304994712984,830.6304994712984,864.0,786.1378320996962,832.8551328398787,830.6304994712984,783.913198731116,864.0,864.0,798.8653018526306,864.0,864.0,864.0,830.6304994712984,864.0,864.0,187.0184052952003,791.0213657234444,733.6466720181314,1108.8153685398383,965.337106510896,685.7265692962951,1000.234032068147,613.9814684452807,823.6490272598705,1311.9999999999998,674.606691733751,636.1445315953612,502.6768105904007,682.0368105904007,743.8987697420775,1053.3649324598314,562.5304128597722,843.3894261440373,832.8551328398787,817.2826992598175,864.0,832.5556629633389,797.260998942597,805.6033740747721,832.8551328398787,600.0,812.0918880664642,832.8551328398787,830.6304994712984,818.5804020581561,864.0,830.6304994712984,832.5556629633389,805.6033740747719,801.4321865086845,834.801687037386,832.8551328398787,832.1472949498758,864.0,864.0,864.0,830.6304994712984,817.2826992598175,817.2826992598175,832.5556629633389,817.2826992598175,832.8551328398787,830.6304994712984,864.0,864.0,864.0,864.0,830.6304994712984,817.2826992598175,864.0,837.0477111114334,864.0,830.6304994712984,864.0,807.3209218961025,839.4119469788513,830.6304994712984,508.2338735460706,864.0,830.6304994712984,864.0,830.6304994712984,432.0,864.0,828.0636148152445,864.0,834.801687037386,864.0,830.6304994712984,830.6304994712984
10,17,1256.4931297831085,1236.5262026359474,1069.722372682768,1159.562756087318,1292.0250572519537,1260.4905818414527,1333.2050611121583,1236.9301094862385,1196.4526816312691,1342.3816737575512,656.4100725854743,1252.7923948513296,1255.9629861884887,1322.3599734403304,1297.939566235235,1041.2227917196128,1215.5087511267893,1325.7432700217123,521.8000292517534,1279.7164612240056,557.1878790515923,1099.5974254165783,1233.9307970392708,632.3686456369607,918.732563622866,1148.5633760773155,636.2330452587323,886.6592092462795,329.527117871301,962.0872705255381,1278.228812377996,641.6994703364239,1233.4879751078872,959.7765866371053,1186.0419735307619,1253.2210253261314,926.006478575,1339.897469370531,1111.3824279076323,1106.4671781440256,1185.3271648837608,1100.6371457855248,1129.9029753129407,440.0926714238765,826.4593119052108,826.4593119052108,791.4213363500744,852.3206748149545,864.0,828.9620244448636,864.0,791.4213363500744,788.9186238104216,826.4593119052108,864.0,864.0,823.57156666715,826.4593119052108,826.4593119052108,826.4593119052108,826.4593119052108,864.0,776.4050611121583,828.9620244448636,826.4593119052108,773.9023485725056,864.0,864.0,789.5068682107672,864.0,864.0,864.0,826.4593119052108,864.0,864.0,173.25570595710033,762.6357983386132,718.1636352627689,1076.9891263204822,946.7001178238856,643.7011838174542,968.6535523369712,591.0026758004173,793.7330298350072,1311.9999999999998,636.4576509548458,608.2504891868907,475.1514119142007,654.5114119142007,712.796161515697,1030.4953675874926,526.6490895854402,839.9543305013768,828.9620244448636,811.4430366672948,864.0,828.0636148152445,788.9186238104216,795.870603087234,828.9620244448636,590.267229012462,805.6033740747721,828.9620244448636,826.4593119052108,812.0918880664642,864.0,826.4593119052108,828.0636148152445,805.6033740747719,791.421336350074,828.9620244448631,828.9620244448636,826.8385107748552,864.0,864.0,864.0,826.4593119052108,811.4430366672948,811.4430366672948,828.0636148152445,811.4430366672948,828.9620244448636,826.4593119052108,864.0,864.0,864.0,864.0,826.4593119052108,811.4430366672948,864.0,832.5556629633389,864.0,826.4593119052108,864.0,799.019440759673,836.3384403512077,826.4593119052108,504.0626859799829,864.0,826.4593119052108,864.0,826.4593119052108,432.0,864.0,823.57156666715,864.0,829.935301543617,864.0,826.4593119052108,826.4593119052108
10,18,1238.5317433242888,1216.4118092617023,1019.0344222402523,1132.225434500343,1275.0369478918874,1248.9911902376891,1317.6326275320973,1208.6104931501657,1163.5038649767541,1332.3708235989404,647.1939792787109,1233.1381705298793,1257.3330144473803,1308.1779357156317,1277.7998929363466,1026.8866465757587,1197.4612682347388,1310.4952621412363,501.9342281238413,1264.323961225227,549.1447430747806,1068.587384521219,1217.4735660967065,624.2448300554433,877.840416283968,1126.9226236458785,608.4482306227866,873.1422723963599,329.527117871301,953.4855834392257,1269.1423750483013,615.2800028570356,1208.3158523256147,931.3016684411976,1182.2190014924008,1239.0389876014333,910.8968620768641,1317.0359509732796,1085.1677625017278,1093.5646475145568,1181.155977317673,1078.3819871336368,1099.920702441323,428.5281810078342,822.2881243391232,822.2881243391232,783.3570403889714,840.641349629909,864.0,825.0689160498483,864.0,783.3570403889714,780.5762486782463,814.9885460984697,864.0,864.0,819.0795185190556,822.2881243391232,822.2881243391232,822.2881243391232,822.2881243391232,864.0,772.511952717143,818.5804020581563,822.2881243391232,763.8914984138951,864.0,864.0,780.1484345689037,864.0,864.0,864.0,822.2881243391232,864.0,864.0,167.52124789955866,758.334954795457,705.2611046333004,1049.750450547159,922.3286710793336,611.9978228421883,950.8357719438953,571.7512808929561,767.257707244669,1294.796625827375,608.6306346795155,594.1191461165201,475.1514119142007,648.7769538566591,689.7217945698745,1007.625802715154,521.733839821833,836.5192348587163,825.0689160498483,811.4430366672948,864.0,823.57156666715,780.5762486782463,791.9774946922189,825.0689160498483,580.5344580249241,799.1148600830802,825.0689160498483,822.2881243391232,805.6033740747721,856.7004217593465,822.2881243391232,823.57156666715,843.4033740747719,781.4104861914635,823.1223618523404,825.0689160498483,821.5297265998345,864.0,864.0,864.0,822.2881243391232,811.4430366672948,811.4430366672948,823.57156666715,799.7637114822492,825.0689160498483,822.2881243391232,864.0,864.0,864.0,864.0,822.2881243391232,811.4430366672948,864.0,828.0636148152445,864.0,822.2881243391232,864.0,790.7179596232436,833.2649337235641,822.2881243391232,514.5914984138952,864.0,822.2881243391232,864.0,822.2881243391232,432.0,864.0,819.0795185190556,864.0,825.0689160498481,864.0,822.2881243391232,822.2881243391232
10,19,1230.9303568654684,1199.3578376468033,974.1861343902592,1093.2087877283225,1268.408838531821,1258.2117986339258,1266.189531761231,1180.290876814093,1140.915048322239,1322.3599734403301,649.0938859719477,1175.6839461595027,1263.043042706272,1293.9958979909338,1249.3178445052831,1027.1385014319046,1188.5837853426883,1295.24725426076,514.4924269959291,1253.9826770514276,574.771607097969,1059.83734362586,1221.7363351541424,631.409014473926,836.9482689450699,1123.6218712144416,586.6834159868405,865.6453355464403,359.4451608713011,977.8118963529133,1260.0559377186066,599.3240773201055,1183.1437295433418,904.4675937639827,1207.0960294540396,1229.196949876735,922.317245578728,1294.1744325760276,1058.6366390382816,1089.8321168850882,1195.3247897515853,1056.126828481749,1059.642887594629,447.53973259179185,818.1169367730354,818.1169367730354,775.2927444278687,828.9620244448633,864.0,821.1758076548332,864.0,775.2927444278687,772.2338735460709,803.5177802917285,864.0,852.3206748149545,814.5874703709612,818.1169367730354,818.1169367730354,818.1169367730354,818.1169367730354,844.5344580249241,806.4188443221278,808.1987796714493,810.817358532382,759.7203108478074,864.0,864.0,770.7900009270403,864.0,864.0,864.0,818.1169367730354,864.0,864.0,183.02478984201701,788.6841332523007,696.4801159462901,1046.8017747738363,889.3555372484692,595.9044618669222,960.0379915508195,573.807885985495,738.2006975680182,1268.9915645684375,598.2616184041851,601.2958030461498,506.65144791420073,677.6925364914242,687.8854276240522,976.1545507565029,546.6386332775788,833.084139216056,821.1758076548332,849.2430366672947,864.0,804.4803620377486,772.2338735460709,825.8843862972037,821.1758076548332,570.801687037386,830.4263460913883,821.1758076548332,818.1169367730354,805.6033740747721,849.400843518693,818.1169367730354,819.0795185190556,864.0,771.399636032853,817.2826992598175,821.1758076548332,816.2209424248138,864.0,864.0,864.0,818.1169367730354,849.2430366672947,849.2430366672947,799.6139765439796,825.8843862972037,821.1758076548332,803.5177802917285,864.0,864.0,864.0,864.0,818.1169367730354,849.2430366672947,864.0,823.57156666715,852.3206748149545,818.1169367730354,864.0,782.4164784868142,830.1914270959205,818.1169367730354,525.1203108478076,837.2348797842706,808.3841657854975,864.0,818.1169367730354,432.0,864.0,814.5874703709612,864.0,820.2025305560792,864.0,818.1169367730354,798.6513947979595
10,20,1223.3289704066483,1182.3038660319046,939.697846540266,1054.1921409563022,1261.7807291717547,1267.4324070301627,1200.1472795090579,1146.1315978854977,1118.326231667724,1312.3491232817196,650.9937926651842,1118.229721789126,1268.7530709651635,1243.3159690629677,1226.1445802492403,1018.7886692017382,1179.7063024506378,1279.9992463802837,527.050625868017,1243.6413928776285,596.712033798452,1051.087302730501,1225.999104211578,638.5731988924086,796.0561216061718,1120.321118783005,569.8338511145018,858.1483986965209,390.119160871301,1002.1382092666007,1250.9695003889117,583.3681517831757,1138.5060647859937,877.6335190867679,1231.9730574156783,1219.3549121520368,933.7376290805922,1271.3129141787758,1032.1055155748354,1086.0995862556194,1209.4936021854976,1030.185232507156,1019.3650727479353,466.5512421757495,813.9457492069478,813.9457492069478,767.2284484667657,817.2826992598177,864.0,817.282699259818,864.0,767.2284484667657,763.8914984138955,792.0470144849872,864.0,840.641349629909,810.0954222228668,813.9457492069478,813.9457492069478,813.9457492069478,813.9457492069478,825.0689160498481,817.282699259818,797.817157284742,799.3465927256408,793.3491232817197,864.0,864.0,761.4315672851769,864.0,864.0,864.0,813.9457492069478,864.0,864.0,198.52833178447534,815.8132897091443,687.6991272592796,1043.8530990005136,847.7807163312923,584.7263506552634,974.1554609213508,575.8644910780338,714.0589376549744,1243.1865033095,587.8926021288548,608.4724599757793,538.1514479142007,703.7100784338825,682.3626233555248,944.683298797852,576.4586377757299,829.6490435733955,817.282699259818,864.0,849.4008435186931,785.3891574083473,763.8914984138955,836.7482412348938,817.282699259818,561.0689160498481,844.5344580249241,817.282699259818,813.9457492069478,843.4033740747722,842.1012652780395,813.9457492069478,814.5874703709612,864.0,761.3887858742426,811.4430366672948,817.282699259818,810.912158249793,864.0,855.6576248678246,864.0,813.9457492069478,864.0,864.0,775.6563864208092,828.9620244448633,817.282699259818,784.7474362443338,864.0,864.0,864.0,864.0,813.9457492069478,864.0,864.0,819.0795185190556,840.641349629909,813.9457492069478,864.0,774.1149973503848,827.117920468277,813.9457492069478,535.6491232817199,810.4697595685411,794.4802072318719,864.0,806.6461709662942,432.0,864.0,810.0954222228668,864.0,815.3361450623102,829.9353015436171,813.9457492069478,775.0146652567959
10,21,1215.7275839478284,1124.3722562693465,897.9099804496194,1015.1754941842815,1255.1526198116885,1276.6530154263992,1125.762652124709,1111.9723189569022,1081.1382585319018,1293.578779234325,652.8936993584208,1067.6568470877999,1256.7109904273225,1192.6360401350023,1213.3313159931974,1010.4388369715715,1159.1494943735418,1250.1520820185006,522.40545056748,1233.300108703829,618.6524606157392,1042.337261835142,1221.9194981368385,650.0382268540476,766.6328903823569,1099.816992178943,562.0451297853194,837.7489312171326,419.939160871301,1035.0662092666007,1230.4141469441338,558.8105391599333,1098.1692435718014,850.7994444095531,1227.967386019647,1209.5128744273386,945.1580125824563,1248.451395781524,1008.4416211401599,1082.3670556261507,1223.66241461941,1013.4136365325628,967.4079327161959,485.5627517597072,780.5762486782462,809.7745616408602,759.164152505663,805.6033740747722,864.0,813.3895908648028,864.0,759.164152505663,755.5491232817202,780.5762486782461,864.0,828.9620244448633,805.6033740747723,809.7745616408602,809.7745616408602,809.7745616408602,809.7745616408602,805.6033740747721,813.3895908648028,787.4355348980349,787.8758269188995,809.7745616408602,864.0,864.0,752.0731336433134,864.0,855.6576248678246,864.0,809.7745616408602,864.0,864.0,214.03187372693372,835.5475300509049,678.9181385722693,1045.2052667703472,803.3386663853445,587.0190829867608,997.4429302918821,577.9210961705725,695.9371777419307,1217.381442050563,572.9360194074912,611.3482733622526,569.6514410420274,729.727620376341,694.6115061733095,917.5128903823571,610.3526387757299,826.213947930735,813.3895908648028,864.0,834.801687037386,766.2979527789458,755.5491232817202,832.8551328398787,813.3895908648028,551.33614506231,838.0459440332321,813.3895908648028,795.1754051595532,864.0,834.801687037386,809.7745616408602,810.0954222228668,864.0,751.377935715632,805.6033740747719,813.3895908648028,805.6033740747723,864.0,847.3152497356491,864.0,809.7745616408602,864.0,864.0,751.6987962976389,817.2826992598177,813.3895908648028,765.9770921969392,854.267229012462,864.0,864.0,864.0,809.7745616408602,864.0,864.0,799.9883138896543,828.9620244448633,809.7745616408602,864.0,765.8135162139553,824.0444138406334,809.7745616408602,545.7745616408602,783.7046393528117,780.5762486782462,864.0,795.1754051595531,432.0,864.0,805.6033740747723,864.0,810.4697595685411,795.8706030872343,809.7745616408602,751.3779357156322
10,22,1198.39342650147,1072.9291604984803,860.6141625070672,985.1429437084499,1233.925353970315,1276.1408528350978,1078.6297835054668,1074.5687830324607,1054.9308475358664,1265.1467348697092,654.7936060516574,1026.2539723864732,1225.2925370198616,1171.1544241696508,1193.218473496501,944.7649557342552,1132.8787598071704,1211.962542524542,500.55690109431805,1203.7713617260263,640.5928873162222,1033.5872209397828,1194.4812416920076,638.8509645279784,731.1587430434588,1067.8850125963309,559.674408456137,822.7674637377443,451.46716087130096,1048.2370556261503,1200.1260225118178,534.2529265366909,1037.8041093949948,816.778092695387,1212.533861645065,1179.8576957637238,956.5783960843205,1206.1243354091964,993.9477267054843,1055.7172243347818,1203.255132774643,985.1731244428864,922.5998775489431,508.397233382026,747.2067481495444,805.6033740747723,751.09985654456,805.6033740747722,864.0,809.4964824697877,864.0,751.09985654456,747.2067481495448,769.1054828715048,864.0,817.2826992598177,793.9240488897267,805.6033740747723,805.6033740747723,809.7745616408602,805.6033740747723,805.6033740747721,809.4964824697877,777.0539125113278,776.4050611121584,805.6033740747723,849.4008435186931,852.3206748149545,747.2067481495444,849.4008435186931,835.6359245506037,852.3206748149545,805.6033740747723,852.3206748149545,852.3206748149545,229.53541566939208,851.2077703926656,670.137149885259,1044.2995815616305,779.8210744969385,594.7298153182583,1015.0164731731386,545.5709529178615,677.8154178288871,1179.89705560658,563.3974366861275,620.2440867487259,600.2274410420274,738.5417834538662,716.7033610294553,879.1591077942372,640.1726387757299,822.7788522880746,809.4964824697877,864.0,820.2025305560792,747.2067481495444,747.2067481495448,828.9620244448636,809.4964824697877,534.3037958341185,831.5574300415401,809.4964824697877,776.4050611121585,864.0,827.5021087967325,805.6033740747723,805.6033740747723,864.0,747.2067481495443,805.6033740747719,801.1541073376122,805.6033740747723,864.0,838.9728746034737,857.5114860083081,793.9240488897269,854.267229012462,864.0,747.2067481495444,805.6033740747722,809.4964824697877,747.2067481495445,844.5344580249241,840.641349629909,856.7004217593465,864.0,805.6033740747723,852.3206748149545,852.3206748149545,780.8971092602528,817.2826992598177,805.6033740747723,864.0,757.5120350775258,820.9709072129899,805.6033740747723,541.6033740747724,776.4050611121581,766.6722901246205,864.0,783.7046393528119,432.0,849.4008435186931,805.6033740747723,849.4008435186931,805.6033740747721,761.8059046308513,805.6033740747723,747.2067481495445
10,23,1131.4221370186683,1011.407245653784,870.3847951460871,959.6647513632829,1175.574518790761,1222.2374893978738,986.0340721709664,993.7169275054878,1010.9294713462874,1166.7777789803563,557.7741112523008,986.9836095105289,1165.465768294879,1042.8224375972343,1052.9754290964786,884.2366880725262,1097.2160309629494,1016.750964431637,510.0430688641515,1135.9387598105336,628.7285656714554,953.4635261358118,1134.8110813274081,610.4603280292841,700.5998454681678,1059.7611970148134,537.642688072526,812.7012460219631,481.38516087130097,1033.8363072809007,1044.2436096083818,514.6105636770557,937.2471513897424,807.9939766336007,1165.685237835755,1069.0744698172518,921.698597602611,1065.5646980405086,994.1995815616303,1017.0096324463757,1124.1959254134836,901.1581810078347,909.4369623655004,536.4565595475011,747.2067481495444,805.6033740747723,747.2067481495449,835.0609989425968,832.8551328398785,795.8706030872345,791.0042175934652,747.2067481495449,747.2067481495448,761.8059046308513,805.6033740747721,747.2067481495443,820.0447237046811,793.9240488897269,805.6033740747723,847.5745616408601,798.3037958341189,843.403374074772,805.6033740747725,766.6722901246205,769.1054828715048,805.6033740747723,815.3361450623102,833.3417713892554,785.0067481495444,823.1223618523406,815.6142242333826,840.641349629909,791.0042175934655,826.042193148602,782.2447237046811,245.03895761185046,866.868010734426,665.6570047414049,1033.4041112327307,709.5625165475014,599.3685165475014,1016.2314119142013,505.23352879928876,596.4098172094017,1098.0496577680633,562.4605410510765,604.5636513171637,597.3206926967773,733.3725770510746,738.8652174088568,846.9493874106262,656.8632646031051,804.7446001641072,805.6033740747725,849.4008435186931,776.4050611121581,747.2067481495444,747.2067481495448,825.0689160498483,805.6033740747725,527.0042175934651,825.0689160498481,805.6033740747725,761.8059046308515,856.7004217593465,820.202530556079,791.0042175934655,786.1378320996963,864.0,785.0067481495444,835.0609989425966,788.9186238104216,843.4033740747723,852.3206748149545,811.1649574962223,851.022972016616,782.2447237046813,844.5344580249241,864.0,785.0067481495444,805.6033740747722,791.0042175934656,747.2067481495445,834.801687037386,817.2826992598178,849.400843518693,864.0,805.6033740747723,840.641349629909,821.175807654833,761.8059046308514,805.6033740747722,805.6033740747723,844.5344580249241,754.0769394348654,803.2982441040393,793.9240488897269,541.6033740747724,806.9054828715045,756.9395191370825,864.0,776.4050611121584,432.0,815.3361450623102,843.4033740747723,834.801687037386,795.8706030872343,747.2067481495443,791.0042175934655,785.0067481495446
10,0,1065.8350398810335,946.749185746778,902.1299018100246,946.4282460555017,1109.6382718117368,1147.8087274410145,941.8859020081069,943.9167827191324,977.417829476952,1078.7688230910032,476.7448558423594,960.7668611000441,1096.5334575948202,979.9811975674927,933.4523846964562,874.9132422667719,993.6457396434832,940.2143252265741,541.7950705571744,1068.863121227746,650.9296496731762,934.1740143787671,1057.977752420686,517.0791668784512,582.0567961638908,1011.8579406660743,483.94434877766776,705.6988567811575,511.961160871301,931.876761583251,950.6366207990554,516.0690483605766,900.302841952006,833.577953971742,1045.0706775748363,964.1309064633026,877.9258038280972,1012.1016865970482,940.137097122918,846.1125165475016,986.6832213618238,850.3672667838944,936.5240801820388,531.0331373677262,822.8067481495445,828.8042175934654,785.0067481495449,847.3152497356491,801.710265679757,786.1378320996965,776.4050611121581,785.0067481495449,822.8067481495449,792.3063263901978,786.1378320996962,747.2067481495443,828.9620244448633,820.0447237046812,828.8042175934655,805.6033740747721,828.8042175934654,834.801687037386,805.6033740747725,760.1837761329286,799.6059046308513,843.4033740747725,781.2714466059272,814.3628679635564,843.4033740747722,796.843880185988,795.5925239161616,814.3628679635565,814.2050611121585,799.7637114822494,770.5653985196354,261.54303112257537,867.9652623891761,556.2065419898742,981.6373628679103,679.6970198570018,612.3944675403515,949.929509928501,499.85246847914925,608.9685165475016,924.7562325851151,516.1112648927513,525.4877201951017,524.6764476610279,747.9212028784497,776.2171992288294,754.0048520871684,658.0109743153969,786.7103480401397,805.6033740747725,834.801687037386,747.2067481495442,822.8067481495444,822.8067481495449,821.1758076548332,776.4050611121586,534.4046393528116,818.5804020581561,747.2067481495446,785.0067481495446,849.400843518693,783.7046393528115,814.2050611121585,804.4722901246204,805.6033740747721,843.4033740747725,847.3152497356491,780.5762486782462,849.4008435186931,811.443036667295,783.357040388971,829.9353015436171,808.3653985196358,834.801687037386,844.5344580249241,843.4033740747723,843.4033740747722,776.4050611121586,822.8067481495445,805.6033740747721,793.9240488897267,842.1012652780395,820.2025305560792,831.7240488897269,828.9620244448633,790.0309404947114,747.2067481495444,805.6033740747722,814.2050611121584,810.4697595685411,788.441843792205,785.6255809950887,820.0447237046812,579.4033740747725,820.202530556079,785.0067481495446,825.0689160498481,806.9054828715049,417.4008435186931,781.2714466059272,834.801687037386,820.2025305560792,823.9378320996962,785.0067481495444,814.2050611121585,843.4033740747725
10,1,1004.7997635857143,931.2524754696808,937.5247815942952,933.1917487477147,1048.253845675028,1071.8660388187445,928.0607685125424,944.0349508953907,978.4683807562183,1005.3590236829572,463.97172595029275,968.9568630348087,983.8036774508406,937.8599575377509,882.6859662216618,894.6417269502931,978.4189450145168,898.9968425028181,574.1350691580162,1001.0305193122533,668.282882682017,948.084200442588,1000.3504968485541,484.6992648927512,601.0789080104464,1024.7348078352102,470.4646853173346,659.7625410510766,543.3911608713009,949.6095099285008,930.941319124968,550.3270478253011,925.170602500117,868.3058817991399,1036.0893990169616,927.9439690345814,846.1735736964291,936.8540946107893,938.9902055114096,848.3857682022519,955.8263042883721,900.4720200202873,975.0800811136794,559.0924625332012,864.0,834.8016870373862,843.4033740747725,838.9728746034737,770.5653985196354,814.2050611121585,799.6059046308512,843.4033740747725,864.0,805.6033740747719,804.4722901246201,822.8067481495443,817.2826992598177,828.9620244448633,834.801687037386,805.6033740747721,842.1012652780395,805.6033740747721,843.4033740747725,791.4952621412367,812.9029523154254,864.0,747.2067481495443,795.3839645378573,864.0,770.5653985196354,775.5708235989406,788.0843862972039,820.2025305560792,773.4852298158969,796.6860733345899,267.47325165475013,859.8813103963261,547.7895796840346,1022.7047890281146,720.3110228570017,637.2071886331562,977.439511928501,512.1087833316345,615.7777712022516,911.3913654005304,551.0272658927513,550.2218682165513,555.8404476610278,791.5732048784497,748.2977025383298,790.0519332948692,676.3620697881946,768.6760959161724,823.9378320996966,820.2025305560792,785.0067481495441,864.0,864.0,817.282699259818,785.0067481495446,541.8050611121581,812.0918880664642,785.0067481495446,805.6033740747721,842.1012652780395,747.206748149544,820.2025305560792,805.6033740747721,805.6033740747721,864.0,838.9728746034737,810.0338735460707,834.801687037386,770.5653985196354,755.5491232817196,808.8476310706183,817.2826992598177,825.0689160498481,825.0689160498481,864.0,864.0,799.6059046308517,864.0,776.4050611121583,770.5653985196356,834.801687037386,776.4050611121581,840.641349629909,817.2826992598177,758.8860733345899,785.0067481495444,843.4033740747722,805.6033740747721,776.4050611121583,805.6033740747723,767.9529178861383,828.9620244448633,600.0,812.9029523154254,805.6033740747721,786.1378320996962,820.202530556079,402.8016870373861,747.2067481495443,805.6033740747721,805.6033740747721,834.801687037386,843.4033740747722,820.2025305560792,864.0
10,2,954.1244872903952,948.1550903776291,972.9196693785595,968.6190983776233,997.2294195383195,995.9233501964749,962.8994899546678,954.513119071649,1009.3444740105601,942.3092242749111,458.08852133819875,1005.1551819914605,936.076596742814,895.7387175080094,919.3785728042585,914.3702076338141,981.7425594555126,897.3376727416761,606.4750691580161,933.1979173967605,669.4439434824674,972.3543705064094,942.7232412764223,519.5592668927512,627.6050227570018,1051.0825195475015,490.7337712022511,676.8938202094016,573.211160871301,979.9221397558761,941.0715604259565,587.735048825301,955.7523055374907,909.0537856265564,1075.467448644133,908.723105116585,817.2734985862107,925.8387929448561,958.4565695546514,895.9017722022517,996.0561405601703,943.0727722566802,1024.1254082303656,591.5164635332013,864.0,820.2025305560792,864.0,830.6304994712982,758.8860733345899,825.0689160498481,805.6033740747721,864.0,864.0,805.6033740747719,805.6033740747721,864.0,805.6033740747721,817.2826992598177,820.2025305560792,843.403374074772,834.801687037386,805.6033740747721,864.0,805.6033740747721,805.6033740747719,864.0,747.2067481495443,776.4050611121581,864.0,758.8860733345899,755.5491232817196,761.8059046308513,805.6033740747721,747.2067481495444,805.6033740747722,272.2332516547501,881.6801742594511,554.776398784818,1066.045465843069,757.1730238570017,663.3238399641062,1015.2561407558763,533.6938672165513,656.9937722022516,937.022050272097,585.3412668927512,584.5358702165512,587.5924486610278,822.9022887633665,790.9924902810042,826.7010201797838,699.5431546731114,750.641843792205,825.0689160498481,805.6033740747721,843.403374074772,864.0,864.0,813.3895908648028,805.6033740747721,549.2054828715046,805.6033740747721,843.403374074772,843.4033740747722,834.801687037386,747.206748149544,805.6033740747721,805.6033740747721,843.403374074772,864.0,830.6304994712982,822.2881243391228,820.2025305560792,758.8860733345898,747.2067481495442,787.7599605976193,805.6033740747722,815.3361450623102,805.6033740747721,864.0,864.0,805.6033740747721,864.0,747.2067481495443,747.2067481495444,827.5021087967325,761.8059046308512,828.9620244448633,805.6033740747722,747.2067481495444,843.4033740747722,864.0,805.6033740747721,761.8059046308513,805.6033740747723,750.2802547771876,817.2826992598177,600.0,805.6033740747719,843.4033740747722,747.2067481495443,812.9029523154254,388.2025305560791,747.2067481495443,805.6033740747721,805.6033740747721,825.0689160498481,864.0,805.6033740747721,864.0
10,3,918.0483674763833,986.956440007538,1027.780091137906,1004.0464640075323,960.8041498829177,949.1789745368193,1016.7171308224864,979.5904437292145,1054.8197317462095,901.7745324584456,491.08652133819874,1054.0124190039223,929.2683096841839,916.8804888972649,962.5596853785532,957.0365205475016,1000.8553383778152,939.4759804244491,637.8910691580162,917.9222788139731,676.8151743888341,996.6245325702304,957.1184910120716,552.5572688927512,665.0690227570018,1103.8292688927515,524.3897712022512,708.6804725403517,603.8851619958388,1010.234765583251,975.3296409571115,624.485048825301,1006.9895345499526,961.4810146390183,1116.035495271304,888.9161676878639,801.8004249358498,969.3119357594118,1004.3219682308513,943.4177732022516,1047.965298017014,985.6735224930732,1074.3607423470514,624.5284645332014,864.0,805.6033740747722,864.0,822.2881243391228,785.0067481495444,815.3361450623102,805.6033740747721,864.0,864.0,843.4033740747719,805.6033740747721,864.0,805.6033740747721,805.6033740747721,805.6033740747721,864.0,827.5021087967325,843.403374074772,864.0,805.6033740747721,805.6033740747719,864.0,822.8067481495443,769.1054828715046,864.0,785.0067481495444,747.2067481495442,747.2067481495444,805.6033740747721,747.2067481495444,805.6033740747722,276.99325165475017,912.2589576118507,573.8341340006848,1109.3861406580234,797.1850238570017,689.4404902950563,1050.799514928501,566.1458672165513,690.7057722022516,975.5220502476336,620.2572668927513,618.8498702165513,619.3444486610279,847.4915921804625,833.0852396262542,871.0670201797839,738.2671486131023,747.2067481495444,805.6033740747721,805.6033740747721,864.0,864.0,864.0,809.4964824697877,843.403374074772,556.202530556079,805.6033740747721,864.0,864.0,827.5021087967325,822.806748149544,805.6033740747721,843.4033740747722,864.0,864.0,822.2881243391228,813.9457492069474,805.6033740747721,785.0067481495443,785.0067481495441,766.6722901246203,805.6033740747722,805.6033740747721,805.6033740747721,864.0,864.0,805.6033740747721,864.0,747.2067481495443,747.2067481495444,761.805904630851,785.0067481495441,817.2826992598177,805.6033740747722,785.0067481495444,864.0,864.0,843.403374074772,785.0067481495444,843.4033740747723,750.2802547771876,805.6033740747721,600.0,805.6033740747719,864.0,747.2067481495443,805.6033740747719,373.60337407477215,822.8067481495443,843.403374074772,785.0067481495443,815.3361450623102,864.0,805.6033740747721,864.0
10,4,937.1029942050458,1037.4371228224925,1082.6405128972526,1051.1531388224867,934.7388802275161,944.5666950497472,1078.87714682248,1017.8356350169782,1100.2949814818585,898.7218650868434,522.8245246029044,1104.0596490163844,943.1800386255538,979.0405208972523,1017.4201151378998,1003.758019238001,1050.356430262732,993.2936292922675,670.2310691580162,959.5107289604169,688.1662582737508,1020.8946946340517,1010.9361478798962,585.5552688927511,710.0370247570017,1156.5760192380017,556.1277712022512,747.3691238713017,634.6571619958388,1054.2315139285013,1033.9196429571114,657.4830488253009,1058.2267715624084,1013.9082516514806,1154.3302902437247,884.533318988374,820.04600965558,1015.0583292287178,1048.7086195618015,990.9337732022517,1101.0644624738577,1028.274272729466,1125.7860684637378,657.5404645332013,864.0,805.6033740747722,864.0,813.9457492069474,805.6033740747722,805.6033740747721,843.4033740747722,864.0,864.0,864.0,843.4033740747722,864.0,843.403374074772,805.6033740747721,805.6033740747721,864.0,820.202530556079,864.0,864.0,843.4033740747722,843.4033740747719,864.0,864.0,799.6059046308511,864.0,805.6033740747722,785.0067481495441,785.0067481495444,843.4033740747722,822.8067481495443,843.4033740747722,281.75325165475016,937.5111046333005,589.1398692165515,1155.313131039023,834.0470238570017,715.5571406260062,1092.1030096190009,597.3378684812568,728.1697722022516,1029.8112147044776,654.5712668927513,653.1638702165512,651.0964486610279,860.1563702880513,868.6014839465975,914.8310211797838,776.9911496131023,785.0067481495445,805.6033740747721,843.4033740747722,864.0,864.0,864.0,805.6033740747725,864.0,548.9029523154254,843.4033740747722,864.0,864.0,820.202530556079,864.0,843.4033740747722,864.0,864.0,864.0,813.9457492069474,805.603374074772,805.6033740747721,805.6033740747722,843.4033740747719,760.1837761329282,843.4033740747722,805.6033740747721,843.4033740747722,864.0,864.0,843.4033740747722,864.0,822.8067481495443,822.8067481495443,754.5063263901975,805.6033740747721,805.6033740747722,843.4033740747722,843.4033740747722,864.0,805.6033740747721,864.0,805.6033740747721,864.0,825.8802547771877,805.6033740747721,600.0,843.4033740747719,864.0,822.8067481495443,805.6033740747719,373.60337407477215,864.0,864.0,805.6033740747721,805.6033740747721,864.0,843.4033740747722,864.0
10,5,989.5302552175079,1099.5971308224864,1144.8005128972525,1109.9391488482447,918.5361158798956,968.5903666729487,1141.037154822474,1065.8136052922803,1145.7702312175081,940.4337567477204,553.9045246029043,1162.6496515460242,963.0611484796897,1041.2005448972525,1072.2805448972463,1046.727513928501,1110.1364462627319,1055.4536372922676,701.6470691580164,1012.9268571427357,710.9862582737508,1060.8670245981766,1064.7537807477208,618.5532688927511,751.2530231065025,1204.776263273751,589.7277712022512,782.3057742022517,663.7211631203766,1096.4065043095006,1093.6996589571115,690.481048825301,1118.0067715624086,1076.0682516514805,1183.5320755971452,929.0337567477205,863.5036505234045,1070.5374856855615,1084.0022612737507,1038.449773202252,1152.9736189307016,1068.601771311109,1179.4564902230843,688.8392118784514,864.0,843.4033740747723,864.0,805.603374074772,843.4033740747722,805.6033740747721,864.0,864.0,864.0,864.0,864.0,864.0,864.0,843.403374074772,843.4033740747722,864.0,812.9029523154254,864.0,864.0,864.0,864.0,864.0,864.0,812.9029523154254,864.0,843.4033740747722,843.4033740747719,843.4033740747722,864.0,864.0,864.0,286.51325165475015,946.6965033095006,615.9145195475014,1186.363382074772,874.0590228570018,737.6453073476919,1121.9632526547505,629.1318684812568,765.0317713354844,1084.1003791613216,689.4872668927512,688.0798702165512,673.912632455729,867.8332516547503,890.6036893183368,958.5950211797837,810.7327666534832,843.4033740747723,843.4033740747722,864.0,864.0,864.0,864.0,805.6033740747725,864.0,541.603374074772,864.0,864.0,864.0,812.9029523154254,864.0,864.0,864.0,864.0,864.0,805.603374074772,805.603374074772,843.4033740747722,843.4033740747722,864.0,791.4952621412363,864.0,843.4033740747722,864.0,864.0,864.0,864.0,864.0,864.0,864.0,785.0067481495439,843.4033740747722,805.6033740747722,864.0,864.0,864.0,805.6033740747721,864.0,843.4033740747722,864.0,864.0,843.403374074772,600.0,864.0,864.0,864.0,843.4033740747718,411.40337407477216,864.0,864.0,843.403374074772,805.6033740747721,864.0,864.0,864.0
10,6,1051.690271217508,1161.7571388224862,1206.9605208972528,1172.0991542428353,962.9737567477201,1020.3903666729487,1203.197154822474,1124.2102392175082,1196.640108993192,1002.5937807477204,583.7245246029044,1213.2299035817737,1003.3903906729486,1103.3605448972523,1134.4405448972461,1089.6970086190008,1167.643194607982,1117.6136452922674,728.8473325964063,1075.5768611427357,734.6865043095004,1111.7368943738604,1126.9137807477207,651.5512688927513,784.9650231065026,1243.8065053095004,623.3277712022511,820.3717742022517,694.3951631203767,1110.9945043095006,1153.4796589571115,727.2310488253011,1178.9767715624087,1134.4648844486373,1178.250122224316,991.6837927477143,922.3902804486326,1127.2066421424051,1112.3837559642504,1085.965773202252,1195.7897657685448,1102.1095125988888,1223.62703947013,705.0961803360926,864.0,864.0,864.0,805.603374074772,864.0,843.4033740747722,864.0,864.0,864.0,864.0,864.0,864.0,864.0,864.0,864.0,864.0,805.6033740747719,864.0,864.0,864.0,864.0,864.0,864.0,805.6033740747719,864.0,864.0,864.0,864.0,864.0,864.0,864.0,291.2732516547502,953.5932516547505,650.1725205475014,1196.7233820747722,911.5230228570018,762.6648701092711,1131.1332526547503,660.3238684812568,801.8937713354844,1137.3062882080073,724.4032668927513,722.3938702165512,696.2527654771875,873.2512516547503,908.7265033095005,1002.3590211797839,821.8531050466732,864.0,864.0,864.0,864.0,864.0,864.0,843.4033740747725,864.0,541.603374074772,864.0,864.0,864.0,805.6033740747719,864.0,864.0,864.0,864.0,864.0,805.603374074772,843.4033740747719,864.0,864.0,864.0,805.6033740747721,864.0,864.0,864.0,864.0,864.0,864.0,864.0,864.0,864.0,805.6033740747719,864.0,843.4033740747722,864.0,864.0,864.0,843.403374074772,864.0,864.0,864.0,864.0,864.0,600.0,864.0,864.0,864.0,864.0,432.0,864.0,864.0,864.0,843.4033740747722,864.0,864.0,864.0
10,7,1113.8502792175077,1223.9171788224864,1269.1205528972528,1230.8851966235943,1025.6237647477203,1083.5303826729485,1265.3571948224678,1186.3702472175187,1256.01674691841,1064.7537967477203,617.3245291842992,1261.5369524420921,1065.5504066729484,1165.5205768972291,1196.6005928972463,1110.80725165475,1228.6132026079817,1179.7736932922303,737.9030510822728,1138.7168691427357,745.4665043095002,1160.7535202990882,1189.0738127477207,685.151274406534,827.3850306762697,1257.5999999999997,655.6677742022512,864.2285262996003,698.7796020960858,1122.0632526547502,1209.7964087788996,762.3657997346979,1237.6735549210096,1181.571437277568,1188.6101222243158,1053.843817504458,981.2769063738604,1189.3666661424052,1133.8685043095002,1126.6620272379992,1233.4366347295222,1133.6357569642503,1270.733536299088,715.7231931440252,864.0,864.0,864.0,843.4033740747719,864.0,864.0,864.0,864.0,864.0,864.0,864.0,864.0,864.0,864.0,864.0,864.0,805.6033740747719,864.0,864.0,864.0,864.0,864.0,864.0,805.6033740747719,864.0,864.0,864.0,864.0,864.0,864.0,864.0,296.03325165475013,962.76325265475,688.8405235475014,1207.0833820747719,957.9697764006971,787.5530087925446,1140.3032526547502,692.7198704812567,844.3137778587403,1192.5397928384564,760.523272792751,753.8833681417193,715.1663941891369,878.6692516547499,916.0432516547501,1041.576536642805,829.9199999999998,864.0,864.0,864.0,864.0,864.0,864.0,864.0,864.0,579.4033740747719,864.0,864.0,864.0,805.6033740747719,864.0,864.0,864.0,864.0,864.0,843.4033740747719,864.0,864.0,864.0,864.0,805.6033740747721,864.0,864.0,864.0,864.0,864.0,864.0,864.0,864.0,864.0,843.4033740747719,864.0,864.0,864.0,864.0,864.0,864.0,864.0,864.0,864.0,864.0,864.0,600.0,864.0,864.0,864.0,864.0,432.0,864.0,864.0,864.0,864.0,864.0,864.0,864.0
