{"homebrew_version":"1.1.4-2-g9cd5a21","used_options":[],"unused_options":["--universal"],"built_as_bottle":true,"poured_from_bottle":true,"installed_as_dependency":false,"installed_on_request":true,"changed_files":["INSTALL_RECEIPT.json","lib/pkgconfig/jsoncpp.pc"],"time":1485911507,"source_modified_time":1481744345,"HEAD":null,"stdlib":"libcxx","compiler":"clang","runtime_dependencies":null,"source":{"path":"/usr/local/Homebrew/Library/Taps/homebrew/homebrew-core/Formula/jsoncpp.rb","tap":"homebrew/core","spec":"stable","versions":{"stable":"1.8.0","devel":null,"head":"HEAD","version_scheme":0}}}